CASE_ID,ADDRESS,CROSS_STREETS,address,cross_street
114051,100 Sunset  AVE Los Angeles 90291,Main St. (Sunset ABH-Venice),100 Sunset  AVE Los Angeles 90291,Main St. (Sunset ABH-Venice)
121242,100 Sunset AVE Los Angeles 90291,"Main St., Sunset ABH",100 Sunset AVE Los Angeles 90291,"Main St., Sunset ABH"
116603,100 Sunset AVE Los Angeles 90291,Sunset ABH (Spot Cleaning),100 Sunset AVE Los Angeles 90291,Sunset ABH (Spot Cleaning)
96425,0 Venice ABH Zone Los Angeles 90291,NA,"100 Sunset Ave, Venice, CA 90291",NA
82988,ABH Los Angeles,VENICE,"100 Sunset Ave, Venice, CA 90291",VENICE
100642,ABH Sunset Los Angeles 90028,all zones,"100 Sunset Ave, Venice, CA 90291",all zones
131941,ABH Sunset Los Angeles 90291,NA,"100 Sunset Ave, Venice, CA 90291",NA
131438,ABH Sunset Los Angeles 90291,NA,"100 Sunset Ave, Venice, CA 90291",NA
111809,ABH Sunset Los Angeles 90291,NA,"100 Sunset Ave, Venice, CA 90291",NA
104155,ABH Sunset Los Angeles 90291,Cesar E Chavez and Spring,"100 Sunset Ave, Venice, CA 90291",Cesar E Chavez and Spring
115907,ABH Sunset Los Angeles 90291,NA,"100 Sunset Ave, Venice, CA 90291",NA
122357,ABH Sunset Los Angeles 90291,NA,"100 Sunset Ave, Venice, CA 90291",NA
102391,ABH Sunset Los Angeles 90291,NA,"100 Sunset Ave, Venice, CA 90291",NA
120817,ABH Sunset Los Angeles 90291,3rd and Rose,"100 Sunset Ave, Venice, CA 90291",3rd and Rose
132146,ABH Sunset Los Angeles 90291,NA,"100 Sunset Ave, Venice, CA 90291",NA
113787,ABH Sunset Los Angeles 90292,NA,"100 Sunset Ave, Venice, CA 90291",NA
92209,ABH Zone AVE Los Angeles 90291,NA,"100 Sunset Ave, Venice, CA 90291",NA
96034,ABH Zone Los Angeles 90029,NA,"100 Sunset Ave, Venice, CA 90291",NA
93898,ABH Zone Los Angeles 90291,NA,"100 Sunset Ave, Venice, CA 90291",NA
93248,ABH Zone Los Angeles 90291,NA,"100 Sunset Ave, Venice, CA 90291",NA
95231,ABH Zone Los Angeles 90291,NA,"100 Sunset Ave, Venice, CA 90291",NA
98180,ABH Zone Los Angeles 90291,NA,"100 Sunset Ave, Venice, CA 90291",NA
93682,ABH Zone Los Angeles 90291,NA,"100 Sunset Ave, Venice, CA 90291",NA
93464,ABH Zone Los Angeles 90291,NA,"100 Sunset Ave, Venice, CA 90291",NA
91076,ABH Zone Los Angeles 90291,NA,"100 Sunset Ave, Venice, CA 90291",NA
97766,ABH Zone Los Angeles 90291,NA,"100 Sunset Ave, Venice, CA 90291",NA
96569,ABH Zone Los Angeles 90291,NA,"100 Sunset Ave, Venice, CA 90291",NA
96288,ABH Zone Los Angeles 90291,NA,"100 Sunset Ave, Venice, CA 90291",NA
98887,ABH Zone Los Angeles 90291,NA,"100 Sunset Ave, Venice, CA 90291",NA
94756,ABH Zone Los Angeles 90291,NA,"100 Sunset Ave, Venice, CA 90291",NA
97959,ABH Zone Los Angeles 90291,NA,"100 Sunset Ave, Venice, CA 90291",NA
79175,ABH ZONE VENICE Los Angeles 90013,NA,"100 Sunset Ave, Venice, CA 90291",NA
113208,Sunset ABH Zone Los Angeles 90291,NA,"100 Sunset Ave, Venice, CA 90291",NA
118862,Sunset ABH Zone Los Angeles 90291,NA,"100 Sunset Ave, Venice, CA 90291",NA
105722,Sunset ABH Zone Los Angeles 90291,NA,"100 Sunset Ave, Venice, CA 90291",NA
99633,Sunset ABH Zone Los Angeles 90291,NA,"100 Sunset Ave, Venice, CA 90291",NA
132392,Sunset ABH Zone Los Angeles 90291,Lincoln Blvd & Flower Ave,"100 Sunset Ave, Venice, CA 90291",Lincoln Blvd & Flower Ave
101186,Sunset ABH Zone Los Angeles 90291,NA,"100 Sunset Ave, Venice, CA 90291",NA
101477,Sunset ABH Zone Los Angeles 90291,NA,"100 Sunset Ave, Venice, CA 90291",NA
113531,Sunset ABH Zone Los Angeles 90291,NA,"100 Sunset Ave, Venice, CA 90291",NA
99470,Sunset ABH Zone Los Angeles 90291,NA,"100 Sunset Ave, Venice, CA 90291",NA
125658,Sunset ABH Zone Los Angeles 90291,NA,"100 Sunset Ave, Venice, CA 90291",NA
124634,Sunset ABH Zone Los Angeles 90291,NA,"100 Sunset Ave, Venice, CA 90291",NA
112450,Sunset ABH Zone Los Angeles 90291,NA,"100 Sunset Ave, Venice, CA 90291",NA
121942,Sunset ABH Zone Los Angeles 90291,NA,"100 Sunset Ave, Venice, CA 90291",NA
132638,Sunset ABH Zone Los Angeles 90291,NA,"100 Sunset Ave, Venice, CA 90291",NA
84128,Venice ABH  Los Angeles 90291,Pacific,"100 Sunset Ave, Venice, CA 90291",Pacific
115085,Venice ABH Los Angeles 90291,NA,"100 Sunset Ave, Venice, CA 90291",NA
89444,Venice ABH Zone Los Angeles 0,NA,"100 Sunset Ave, Venice, CA 90291",NA
91751,Venice ABH Zone Los Angeles 90291,NA,"100 Sunset Ave, Venice, CA 90291",NA
95559,Venice ABH Zone Los Angeles 90291,NA,"100 Sunset Ave, Venice, CA 90291",NA
90897,Venice ABH Zone Los Angeles 90291,NA,"100 Sunset Ave, Venice, CA 90291",NA
90708,Venice ABH Zone Los Angeles 90291,NA,"100 Sunset Ave, Venice, CA 90291",NA
90142,Venice ABH Zone Los Angeles 90291,NA,"100 Sunset Ave, Venice, CA 90291",NA
89777,Venice ABH Zone Los Angeles 90291,NA,"100 Sunset Ave, Venice, CA 90291",NA
92401,Venice ABH Zone Los Angeles 90291,NA,"100 Sunset Ave, Venice, CA 90291",NA
99184,Venice ABH Zone Los Angeles 90291,NA,"100 Sunset Ave, Venice, CA 90291",NA
89238,Venice ABH Zone Los Angeles 90291,NA,"100 Sunset Ave, Venice, CA 90291",NA
89936,Venice ABH Zone Los Angeles 90291,NA,"100 Sunset Ave, Venice, CA 90291",NA
98235,Venice ABH Zone Los Angeles 90291,NA,"100 Sunset Ave, Venice, CA 90291",NA
99070,Venice ABH Zone Los Angeles 90291,NA,"100 Sunset Ave, Venice, CA 90291",NA
95726,Venice ABH Zone Los Angeles 90291,NA,"100 Sunset Ave, Venice, CA 90291",NA
98234,Venice ABH Zone Los Angeles 90291,NA,"100 Sunset Ave, Venice, CA 90291",NA
94213,Venice ABH Zone Los Angeles 90291,NA,"100 Sunset Ave, Venice, CA 90291",NA
89937,Venice ABH Zone Los Angeles 90291,NA,"100 Sunset Ave, Venice, CA 90291",NA
95043,Venice ABH Zone Los Angeles 90291,NA,"100 Sunset Ave, Venice, CA 90291",NA
89462,Venice ABH Zone Los Angeles 90291,NA,"100 Sunset Ave, Venice, CA 90291",NA
92503,Venice ABH Zone Los Angeles 90291,NA,"100 Sunset Ave, Venice, CA 90291",NA
91184,Venice ABH Zone Los Angeles 90291,NA,"100 Sunset Ave, Venice, CA 90291",NA
78998,Venice Beach ABH Los Angeles 90013,NA,"100 Sunset Ave, Venice, CA 90291",NA
87000,Sunset  AVE Los Angeles 90291,Main St- ABH perimeter,"100 Sunset Ave, Venice, CA 90291",Main St- ABH perimeter
89118,Sunset AVE Los Angeles 90291,Main St-ABH perimeter,"100 Sunset Ave, Venice, CA 90291",Main St-ABH perimeter
81292,Sunset AVE Los Angeles 90291,Main St-ABH perimeter,"100 Sunset Ave, Venice, CA 90291",Main St-ABH perimeter
86825,Sunset AVE Los Angeles 90291,Main St- ABH perimeter,"100 Sunset Ave, Venice, CA 90291",Main St- ABH perimeter
87465,Sunset AVE Los Angeles 90291,Main St- ABH perimeter,"100 Sunset Ave, Venice, CA 90291",Main St- ABH perimeter
85326,Sunset AVE Los Angeles 90291,Main St (ABH Perimeter),"100 Sunset Ave, Venice, CA 90291",Main St (ABH Perimeter)
88501,Sunset AVE Los Angeles 90291,Main St-ABH perimeter,"100 Sunset Ave, Venice, CA 90291",Main St-ABH perimeter
88910,Sunset AVE Los Angeles 90291,Main St-ABH perimeter,"100 Sunset Ave, Venice, CA 90291",Main St-ABH perimeter
88067,Sunset AVE Los Angeles 90291,Main St- ABH perimeter,"100 Sunset Ave, Venice, CA 90291",Main St- ABH perimeter
90810,Sunset AVE Los Angeles 90291,Main St-ABH Perimeter,"100 Sunset Ave, Venice, CA 90291",Main St-ABH Perimeter
87901,Sunset AVE Los Angeles 90291,Main St-ABH perimeter,"100 Sunset Ave, Venice, CA 90291",Main St-ABH perimeter
107268,Sunset Los Angeles 90291,ABH,"100 Sunset Ave, Venice, CA 90291",ABH
81885,Main  ST Los Angeles 90291,Sunset Ave (ABH perimeter),"100 Sunset Ave, Venice, CA 90291",Sunset Ave (ABH perimeter)
80557,Main ST Los Angeles 90291,Sunset Ave - ABH area,"100 Sunset Ave, Venice, CA 90291",Sunset Ave - ABH area
91753,Main ST Los Angeles 90291,Sunset Ave- ABH Perimeter,"100 Sunset Ave, Venice, CA 90291",Sunset Ave- ABH Perimeter
89824,Main ST Los Angeles 90291,Sunset Ave-ABH Perimeter,"100 Sunset Ave, Venice, CA 90291",Sunset Ave-ABH Perimeter
128766,Los Angeles 90291,ABH Sunset,"100 Sunset Ave, Venice, CA 90291",ABH Sunset
129832,Los Angeles 90291,ABH Sunset,"100 Sunset Ave, Venice, CA 90291",ABH Sunset
107002,ABH Alleys Los Angeles 0000,Wilshire Blvd/3rd St,"11303 Wilshire Blvd #116, Los Angeles, CA 90073",Wilshire Blvd/3rd St
114597,ABH Zone alleys Los Angeles 90057,Wilshire,"11303 Wilshire Blvd #116, Los Angeles, CA 90073",Wilshire
97383,ABH Zone BLVD Los Angeles 90057,Wilshire,"11303 Wilshire Blvd #116, Los Angeles, CA 90073",Wilshire
128188,ABH Zone Los Angeles 90057,Wilshire / Bonnie Brae,"11303 Wilshire Blvd #116, Los Angeles, CA 90073",Wilshire / Bonnie Brae
117436,ABH Zone Los Angeles 90057,Westlake/Wilshire,"11303 Wilshire Blvd #116, Los Angeles, CA 90073",Westlake/Wilshire
84073,ABH Zone Los Angeles 90057,Wilshire/ Alvarado,"11303 Wilshire Blvd #116, Los Angeles, CA 90073",Wilshire/ Alvarado
128644,Wilshire ABH Zone Los Angeles 90057,NA,"11303 Wilshire Blvd #116, Los Angeles, CA 90073",NA
99357,Wlshire ABH Zone Los Angeles 90057,Alley,"11303 Wilshire Blvd #116, Los Angeles, CA 90073",Alley
100960,11430 Chandler  BLVD Los Angeles 91601,ABH Willows,11430 Chandler  BLVD Los Angeles 91601,ABH Willows
100562,11430 Chandler  BLVD Los Angeles 91601,ABH Tiny Homes,11430 Chandler  BLVD Los Angeles 91601,ABH Tiny Homes
100676,11430 Chandler  BLVD Los Angeles 91601,ABH TINY HOMES,11430 Chandler  BLVD Los Angeles 91601,ABH TINY HOMES
101000,11430 Chandler  Los Angeles 91605,ABH Tiny Homes,11430 Chandler  Los Angeles 91605,ABH Tiny Homes
111674,11430 Chandler BLVD Los Angeles 91601,ABH Tiny Homes,11430 Chandler BLVD Los Angeles 91601,ABH Tiny Homes
117665,11430 Chandler BLVD Los Angeles 91601,ABH Tiny Homes,11430 Chandler BLVD Los Angeles 91601,ABH Tiny Homes
125656,11839 Sherman WAY Los Angeles 91605,CD2 Navigation Center ABH,11839 Sherman WAY Los Angeles 91605,CD2 Navigation Center ABH
124322,11839 Sherman WAY Los Angeles 91605,Navigation Center ABH,11839 Sherman WAY Los Angeles 91605,Navigation Center ABH
91765,11839 Sherman Way Los Angeles 91605,ABH Nav,11839 Sherman Way Los Angeles 91605,ABH Nav
103129,0 ABH Nav. Center Zone Los Angeles 91605,NA,"11839 Sherman Way, North Hollywood, CA 91605",NA
132817,0 ABH NAVIGATION . Los Angeles 91605,RADFORD/SHERMAN WAY,"11839 Sherman Way, North Hollywood, CA 91605",RADFORD/SHERMAN WAY
119652,ABH Nav Center Los Angeles 000,Sherman Way,"11839 Sherman Way, North Hollywood, CA 91605",Sherman Way
121254,ABH Nav Center Los Angeles 000,Sherman Way/ Radford,"11839 Sherman Way, North Hollywood, CA 91605",Sherman Way/ Radford
124969,ABH Nav Center Los Angeles 000,Sherman Way/ Radford,"11839 Sherman Way, North Hollywood, CA 91605",Sherman Way/ Radford
129158,ABH Nav Center Los Angeles 000,NA,"11839 Sherman Way, North Hollywood, CA 91605",NA
129482,ABH Nav Center Los Angeles 000,Sherman way/ Radford,"11839 Sherman Way, North Hollywood, CA 91605",Sherman way/ Radford
118875,ABH Nav Center Los Angeles 000,NA,"11839 Sherman Way, North Hollywood, CA 91605",NA
120419,ABH Nav Center Los Angeles 91605,NA,"11839 Sherman Way, North Hollywood, CA 91605",NA
122983,ABH Nav Center Los Angeles 91605,Radford and Sherman Way,"11839 Sherman Way, North Hollywood, CA 91605",Radford and Sherman Way
125314,ABH Navigation Center Los Angeles 000,Sherman Way and Radford,"11839 Sherman Way, North Hollywood, CA 91605",Sherman Way and Radford
115557,ABH Navigation Center Los Angeles 000,NA,"11839 Sherman Way, North Hollywood, CA 91605",NA
123957,ABH Navigation Center Los Angeles 000,Sherman Way and Radford,"11839 Sherman Way, North Hollywood, CA 91605",Sherman Way and Radford
123623,ABH Navigation Center Los Angeles 000,Sherman Way and Radford,"11839 Sherman Way, North Hollywood, CA 91605",Sherman Way and Radford
130862,ABH NAVIGATION Los Angeles 91605,SHERMAN WAY/RADFORD,"11839 Sherman Way, North Hollywood, CA 91605",SHERMAN WAY/RADFORD
96518,ABH Radford  Los Angeles 0,Sherman Way,"11839 Sherman Way, North Hollywood, CA 91605",Sherman Way
130800,ABH Tyrone Los Angeles 91405,Van Nuys @ Sherman Way,"11839 Sherman Way, North Hollywood, CA 91605",Van Nuys @ Sherman Way
128461,Navigation Center ABH Los Angeles 91605,11839 Sherman Way,"11839 Sherman Way, North Hollywood, CA 91605",11839 Sherman Way
106012,Nav Center ABH Zone Los Angeles 91605,NA,"11839 Sherman Way, North Hollywood, CA 91605",NA
103499,Nav. Center ABH Zone Los Angeles 91605,NA,"11839 Sherman Way, North Hollywood, CA 91605",NA
105075,Navi. Center ABH Zone Los Angeles 91605,NA,"11839 Sherman Way, North Hollywood, CA 91605",NA
122691,Navigation Center ABH Los Angeles 91605,7151 Lankershim Bl,"11839 Sherman Way, North Hollywood, CA 91605",7151 Lankershim Bl
97123,Radford  AVE Los Angeles 91605,Sherman Way ABH Tyrone,"11839 Sherman Way, North Hollywood, CA 91605",Sherman Way ABH Tyrone
92106,Sherman Way  BLVD Los Angeles 0,ABH Zone Radford,"11839 Sherman Way, North Hollywood, CA 91605",ABH Zone Radford
111825,Sherman Way/ Radford Los Angeles 000,ABH Navigation Center,"11839 Sherman Way, North Hollywood, CA 91605",ABH Navigation Center
93242,11841 Sherman WAY Los Angeles 91605,ABH Navigation,11841 Sherman WAY Los Angeles 91605,ABH Navigation
93707,11841 Sherman WAY Los Angeles 91605,ABH Navigation,11841 Sherman WAY Los Angeles 91605,ABH Navigation
96281,ABH Lodi  Los Angeles 00000,Lexington and Vine,"1215 Lodi Pl, Los Angeles, CA 90038",Lexington and Vine
119783,ABH Lodi Los Angeles 000,NA,"1215 Lodi Pl, Los Angeles, CA 90038",NA
117236,ABH Lodi Los Angeles 000,NA,"1215 Lodi Pl, Los Angeles, CA 90038",NA
113393,ABH Lodi Los Angeles 000,Vine/ La Mirada,"1215 Lodi Pl, Los Angeles, CA 90038",Vine/ La Mirada
132244,ABH Lodi Los Angeles 000,Lexington/Vine/La Mirada,"1215 Lodi Pl, Los Angeles, CA 90038",Lexington/Vine/La Mirada
133580,ABH Lodi Los Angeles 000,Vine and Lexington,"1215 Lodi Pl, Los Angeles, CA 90038",Vine and Lexington
125465,ABH Lodi Los Angeles 000,Vine and La Mirada,"1215 Lodi Pl, Los Angeles, CA 90038",Vine and La Mirada
118648,ABH LODI Los Angeles 000,NA,"1215 Lodi Pl, Los Angeles, CA 90038",NA
96616,ABH Lodi Los Angeles 90038,Lexington / Vine St,"1215 Lodi Pl, Los Angeles, CA 90038",Lexington / Vine St
131003,ABH LODI Los Angeles 90038,VINE/LEXINGTON,"1215 Lodi Pl, Los Angeles, CA 90038",VINE/LEXINGTON
117940,ABH Lodi Los Angeles 90038,Lexington,"1215 Lodi Pl, Los Angeles, CA 90038",Lexington
116086,ABH Lodi Los Angeles 90038,NA,"1215 Lodi Pl, Los Angeles, CA 90038",NA
120818,ABH Lodi Los Angeles 90038,Vine and La Mirada,"1215 Lodi Pl, Los Angeles, CA 90038",Vine and La Mirada
130655,ABH Lodi Los Angeles 90038,Vine and La Mirada,"1215 Lodi Pl, Los Angeles, CA 90038",Vine and La Mirada
133019,ABH LODI Los Angeles 90038,Vine/La Mirada/Lexington,"1215 Lodi Pl, Los Angeles, CA 90038",Vine/La Mirada/Lexington
123141,ABH Lodi Los Angeles 90038,Vine and La Mirada,"1215 Lodi Pl, Los Angeles, CA 90038",Vine and La Mirada
115259,ABH Lodi Los Angeles 90038,NA,"1215 Lodi Pl, Los Angeles, CA 90038",NA
130221,Lodi ABH Los Angeles 90038,Vine / La Mirada / Lexington,"1215 Lodi Pl, Los Angeles, CA 90038",Vine / La Mirada / Lexington
124761,Lodi ABH Los Angeles 90038,Vine St/La Mirada,"1215 Lodi Pl, Los Angeles, CA 90038",Vine St/La Mirada
124111,Lodi ABH Los Angeles 90038,Vine St & La Mirada St,"1215 Lodi Pl, Los Angeles, CA 90038",Vine St & La Mirada St
127003,Lodi ABH Los Angeles 90038,Vine St/La Mirada Ave,"1215 Lodi Pl, Los Angeles, CA 90038",Vine St/La Mirada Ave
122448,Lodi ABH Los Angeles 90038,Vine St/ La Mirada Ave,"1215 Lodi Pl, Los Angeles, CA 90038",Vine St/ La Mirada Ave
126003,Lodi ABH Los Angeles 90038,Vine St/La Mirada Ave,"1215 Lodi Pl, Los Angeles, CA 90038",Vine St/La Mirada Ave
120177,Lodi ABH Los Angeles 90038,Vine Street and La Mirada Ave,"1215 Lodi Pl, Los Angeles, CA 90038",Vine Street and La Mirada Ave
129986,Lodi ABH Los Angeles 90038,NA,"1215 Lodi Pl, Los Angeles, CA 90038",NA
106011,Lodi ABH Zone Los Angeles 90038,NA,"1215 Lodi Pl, Los Angeles, CA 90038",NA
102275,Lodi ABH Zone Los Angeles 90038,NA,"1215 Lodi Pl, Los Angeles, CA 90038",NA
101478,Lodi ABH Zone Los Angeles 90038,NA,"1215 Lodi Pl, Los Angeles, CA 90038",NA
102023,Lodi ABH Zone Los Angeles 90038,NA,"1215 Lodi Pl, Los Angeles, CA 90038",NA
101137,Lodi ABH Zone Los Angeles 90038,NA,"1215 Lodi Pl, Los Angeles, CA 90038",NA
101188,Lodi ABH Zone Los Angeles 90038,NA,"1215 Lodi Pl, Los Angeles, CA 90038",NA
99600,Lodi ABH Zone Los Angeles 90038,NA,"1215 Lodi Pl, Los Angeles, CA 90038",NA
103610,Lodi Los Angeles 90028,ABH,"1215 Lodi Pl, Los Angeles, CA 90038",ABH
124444,Vine ST Los Angeles 90038,La Mirada (Lodi ABH),"1215 Lodi Pl, Los Angeles, CA 90038",La Mirada (Lodi ABH)
125854,Vine St/La Mirada Ave Los Angeles 90038,ABH Lodi,"1215 Lodi Pl, Los Angeles, CA 90038",ABH Lodi
100263,125 Paseo De La Plaza Los Angeles 90012,ABH CARE EL PUBELO,125 Paseo De La Plaza Los Angeles 90012,ABH CARE EL PUBELO
102627,13160 Raymer  ST Los Angeles 91605,ABH Raymer,13160 Raymer  ST Los Angeles 91605,ABH Raymer
111884,13160 Raymer ST Los Angeles 91605,ABH,13160 Raymer ST Los Angeles 91605,ABH
115145,13160 Raymer ST Los Angeles 91605,ABH Raymer,13160 Raymer ST Los Angeles 91605,ABH Raymer
120941,13160 Raymer ST Los Angeles 91605,ABH Raymer,13160 Raymer ST Los Angeles 91605,ABH Raymer
101270,ABH Raymer  Los Angeles 91601,NA,"13160 Raymer St, North Hollywood, CA 91605",NA
98941,ABH Raymer  Los Angeles 91605,All Locations,"13160 Raymer St, North Hollywood, CA 91605",All Locations
100094,ABH Raymer Los Angeles 00000,NA,"13160 Raymer St, North Hollywood, CA 91605",NA
107530,ABH Raymer Los Angeles 91046,NA,"13160 Raymer St, North Hollywood, CA 91605",NA
104447,ABH Raymer Los Angeles 91406,NA,"13160 Raymer St, North Hollywood, CA 91605",NA
101665,ABH Raymer Los Angeles 91601,NA,"13160 Raymer St, North Hollywood, CA 91605",NA
106461,ABH Raymer Los Angeles 91605,Entire zone,"13160 Raymer St, North Hollywood, CA 91605",Entire zone
105843,ABH Raymer Los Angeles 91605,NA,"13160 Raymer St, North Hollywood, CA 91605",NA
104372,ABH Raymer Los Angeles 91605,All Zones,"13160 Raymer St, North Hollywood, CA 91605",All Zones
103516,ABH Raymer Los Angeles 91605,NA,"13160 Raymer St, North Hollywood, CA 91605",NA
99756,ABH Raymer Los Angeles 91605,All Zones,"13160 Raymer St, North Hollywood, CA 91605",All Zones
109706,ABH Raymer Los Angeles 91605,Full Zone,"13160 Raymer St, North Hollywood, CA 91605",Full Zone
105348,ABH Raymer Los Angeles 91605,All zones,"13160 Raymer St, North Hollywood, CA 91605",All zones
107822,ABH Raymer Los Angeles 91606,NA,"13160 Raymer St, North Hollywood, CA 91605",NA
102778,ABH Raymer Los Angeles 91606,NA,"13160 Raymer St, North Hollywood, CA 91605",NA
128821,ABH Zones  Los Angeles 91605,ABH Raymer and Whitsett,"13160 Raymer St, North Hollywood, CA 91605",ABH Raymer and Whitsett
92827,Raymer ABH  Los Angeles 0,"Ethel Ave, Raymer, Coldwater, Saticoy","13160 Raymer St, North Hollywood, CA 91605","Ethel Ave, Raymer, Coldwater, Saticoy"
99629,13605 Raymer  AVE Los Angeles 91605,ABH Raymer,13605 Raymer  AVE Los Angeles 91605,ABH Raymer
100464,13605 Raymer  Los Angeles 91605,ABH Raymer,13605 Raymer  Los Angeles 91605,ABH Raymer
100023,13605 Raymer  ST Los Angeles 91605,"ABH - Ethel, Sherman Way, Saticoy",13605 Raymer  ST Los Angeles 91605,"ABH - Ethel, Sherman Way, Saticoy"
128709,1426 PALOMA ST Los Angeles 90021,LOTUS ABH,1426 PALOMA ST Los Angeles 90021,LOTUS ABH
128408,1426 PALOMA ST Los Angeles 90021,LOTUS ABH,1426 PALOMA ST Los Angeles 90021,LOTUS ABH
105086,ABH Lotus  Los Angeles 000,NA,"1426 Paloma St, Los Angeles, CA 90021",NA
126154,ABH Lotus Los Angeles,14th and Paloma,"1426 Paloma St, Los Angeles, CA 90021",14th and Paloma
119281,ABH Lotus Los Angeles 000,16th/ Paloma,"1426 Paloma St, Los Angeles, CA 90021",16th/ Paloma
126889,ABH Lotus Los Angeles 000,NA,"1426 Paloma St, Los Angeles, CA 90021",NA
125721,ABH Lotus Los Angeles 000,14th and Paloma,"1426 Paloma St, Los Angeles, CA 90021",14th and Paloma
120488,ABH Lotus Los Angeles 000,14th and Paloma,"1426 Paloma St, Los Angeles, CA 90021",14th and Paloma
120063,ABH Lotus Los Angeles 000,NA,"1426 Paloma St, Los Angeles, CA 90021",NA
123391,ABH Lotus Los Angeles 000,14th and Paloma,"1426 Paloma St, Los Angeles, CA 90021",14th and Paloma
106411,ABH Lotus Los Angeles 000,NA,"1426 Paloma St, Los Angeles, CA 90021",NA
123678,ABH Lotus Los Angeles 000,Paloma (14th to 18th),"1426 Paloma St, Los Angeles, CA 90021",Paloma (14th to 18th)
130914,ABH Lotus Los Angeles 000,14th/ Paloma,"1426 Paloma St, Los Angeles, CA 90021",14th/ Paloma
110411,ABH Lotus Los Angeles 000,NA,"1426 Paloma St, Los Angeles, CA 90021",NA
120942,ABH Lotus Los Angeles 000,14th and Paloma,"1426 Paloma St, Los Angeles, CA 90021",14th and Paloma
132968,ABH Lotus Los Angeles 000,14th Pl and Paloma,"1426 Paloma St, Los Angeles, CA 90021",14th Pl and Paloma
106742,ABH Lotus Los Angeles 000,NA,"1426 Paloma St, Los Angeles, CA 90021",NA
106309,ABH Lotus Los Angeles 0000,TBD,"1426 Paloma St, Los Angeles, CA 90021",TBD
124677,ABH Lotus Los Angeles 90021,Paloma & 14th Place,"1426 Paloma St, Los Angeles, CA 90021",Paloma & 14th Place
122380,ABH Lotus Los Angeles 90021,NA,"1426 Paloma St, Los Angeles, CA 90021",NA
116375,ABH Lotus Los Angeles 90021,14th and Paloma,"1426 Paloma St, Los Angeles, CA 90021",14th and Paloma
125010,ABH Lotus Los Angeles 90021,NA,"1426 Paloma St, Los Angeles, CA 90021",NA
109723,ABH LOTUS Los Angeles 90021,NA,"1426 Paloma St, Los Angeles, CA 90021",NA
103408,ABH LOTUS Los Angeles 90021,TBD,"1426 Paloma St, Los Angeles, CA 90021",TBD
118806,Lotus ABH Los Angeles,NA,"1426 Paloma St, Los Angeles, CA 90021",NA
105031,Lotus ABH Los Angeles,NA,"1426 Paloma St, Los Angeles, CA 90021",NA
103565,Lotus ABH Los Angeles 90001,Lostus ABH,"1426 Paloma St, Los Angeles, CA 90021",Lostus ABH
116553,Lotus AVE Los Angeles 90021,ABH Zone,"1426 Paloma St, Los Angeles, CA 90021",ABH Zone
112397,Lotus ST Los Angeles 90021,ABH Lotus,"1426 Paloma St, Los Angeles, CA 90021",ABH Lotus
101047,14333 Aetna  AVE Los Angeles 91401,ABH Aetna,14333 Aetna  AVE Los Angeles 91401,ABH Aetna
99628,14333 Aetna  BLVD Los Angeles 91405,ABH,14333 Aetna  BLVD Los Angeles 91405,ABH
100462,14333 Aetna  Los Angeles 91401,ABH Aetna,14333 Aetna  Los Angeles 91401,ABH Aetna
123952,14333 Aetna  Los Angeles 91604,ABH,14333 Aetna  Los Angeles 91604,ABH
100767,14333 Aetna  ST Los Angeles 91401,Van Nuys ABH,14333 Aetna  ST Los Angeles 91401,Van Nuys ABH
102101,14333 Aetna  ST Los Angeles 91401,Tyrone - ABH Aetna,14333 Aetna  ST Los Angeles 91401,Tyrone - ABH Aetna
124961,14333 Aetna  ST Los Angeles 91605,ABH,14333 Aetna  ST Los Angeles 91605,ABH
103010,14333 Aetna AVE Los Angeles 91401,Van Nuys ABH,14333 Aetna AVE Los Angeles 91401,Van Nuys ABH
101174,14333 Aetna Los Angeles 91401,ABH Aetna,14333 Aetna Los Angeles 91401,ABH Aetna
117147,14333 Aetna ST Los Angeles 91401,ABH Aetna,14333 Aetna ST Los Angeles 91401,ABH Aetna
115091,14333 Aetna ST Los Angeles 91401,ABH Aetna,14333 Aetna ST Los Angeles 91401,ABH Aetna
90349,0 ABH Tyrone AVE Los Angeles 0000,TBD,"14333 Aetna St, Van Nuys, CA 91401",TBD
121248,ABH Aetna  Los Angeles 91405,Spot Clean all locs,"14333 Aetna St, Van Nuys, CA 91401",Spot Clean all locs
117064,ABH Aetna  Los Angeles 91405,"5 Stops, 2 completed.","14333 Aetna St, Van Nuys, CA 91401","5 Stops, 2 completed."
102170,ABH Aetna  Los Angeles 91405,NA,"14333 Aetna St, Van Nuys, CA 91401",NA
104448,ABH Aetna  Los Angeles 91406,NA,"14333 Aetna St, Van Nuys, CA 91401",NA
103671,ABH Aetna Los Angeles 00000,NA,"14333 Aetna St, Van Nuys, CA 91401",NA
100093,ABH Aetna Los Angeles 00000,NA,"14333 Aetna St, Van Nuys, CA 91401",NA
102776,ABH Aetna Los Angeles 91046,NA,"14333 Aetna St, Van Nuys, CA 91401",NA
99079,ABH Aetna Los Angeles 91401,All loc's,"14333 Aetna St, Van Nuys, CA 91401",All loc's
122340,ABH Aetna Los Angeles 91405,3 locations,"14333 Aetna St, Van Nuys, CA 91401",3 locations
106798,ABH Aetna Los Angeles 91405,4 locs,"14333 Aetna St, Van Nuys, CA 91401",4 locs
109646,ABH Aetna Los Angeles 91405,All Zones,"14333 Aetna St, Van Nuys, CA 91401",All Zones
100523,ABH Aetna Los Angeles 91405,NA,"14333 Aetna St, Van Nuys, CA 91401",NA
103517,ABH Aetna Los Angeles 91406,NA,"14333 Aetna St, Van Nuys, CA 91401",NA
104728,ABH Aetna Los Angeles 91406,NA,"14333 Aetna St, Van Nuys, CA 91401",NA
101535,ABH Aetna Los Angeles 91406,NA,"14333 Aetna St, Van Nuys, CA 91401",NA
103928,ABH Aetna Los Angeles 91406,NA,"14333 Aetna St, Van Nuys, CA 91401",NA
101663,ABH Aetna Los Angeles 91406,NA,"14333 Aetna St, Van Nuys, CA 91401",NA
105290,ABH Aetna Los Angeles 91406,NA,"14333 Aetna St, Van Nuys, CA 91401",NA
105349,ABH Aetna Los Angeles 91406,All Zones,"14333 Aetna St, Van Nuys, CA 91401",All Zones
104548,ABH Aetna Los Angeles 91406,NA,"14333 Aetna St, Van Nuys, CA 91401",NA
103197,ABH Aetna Los Angeles 91406,Van Nuys and Tyrone,"14333 Aetna St, Van Nuys, CA 91401",Van Nuys and Tyrone
101666,ABH Aetna Los Angeles 91406,NA,"14333 Aetna St, Van Nuys, CA 91401",NA
102782,ABH Aetna Los Angeles 91606,NA,"14333 Aetna St, Van Nuys, CA 91401",NA
113218,ABH Aetna ST Los Angeles 91405,Tyrone and Van Nuys,"14333 Aetna St, Van Nuys, CA 91401",Tyrone and Van Nuys
94962,ABH Tyrone Los Angeles 0000,TBD,"14333 Aetna St, Van Nuys, CA 91401",TBD
90833,ABH Tyrone Los Angeles 00000,All locations included,"14333 Aetna St, Van Nuys, CA 91401",All locations included
100157,ABH Tyrone Los Angeles 00000,NA,"14333 Aetna St, Van Nuys, CA 91401",NA
114077,Tyrone ABH ZONE Los Angeles 91046,NA,"14333 Aetna St, Van Nuys, CA 91401",NA
120623,Aetna ABH Los Angeles 91405,PRN Spotclean,"14333 Aetna St, Van Nuys, CA 91401",PRN Spotclean
131469,Gilmore  ST Los Angeles 91405,ABH Aetna,"14333 Aetna St, Van Nuys, CA 91401",ABH Aetna
123955,1533 Schrader BLVD Los Angeles 90028,Schrader ABH,1533 Schrader BLVD Los Angeles 90028,Schrader ABH
79443,ABH Schrader Los Angeles,--,"1533 Schrader Blvd, Los Angeles, CA 90028",
130803,ABH Schrader Los Angeles 000,Schrader/ Selma,"1533 Schrader Blvd, Los Angeles, CA 90028",Schrader/ Selma
118122,ABH Schrader Los Angeles 000,NA,"1533 Schrader Blvd, Los Angeles, CA 90028",NA
131404,ABH Schrader Los Angeles 000,Vine and Lexington,"1533 Schrader Blvd, Los Angeles, CA 90028",Vine and Lexington
122256,ABH Schrader Los Angeles 000,Selma and Las Palmas,"1533 Schrader Blvd, Los Angeles, CA 90028",Selma and Las Palmas
111049,ABH Schrader Los Angeles 000,Selma/ Schrader,"1533 Schrader Blvd, Los Angeles, CA 90028",Selma/ Schrader
132579,ABH Schrader Los Angeles 000,Selma and Schrader,"1533 Schrader Blvd, Los Angeles, CA 90028",Selma and Schrader
110271,ABH Schrader Los Angeles 000,Selma/Schrader,"1533 Schrader Blvd, Los Angeles, CA 90028",Selma/Schrader
119938,ABH Schrader Los Angeles 000,NA,"1533 Schrader Blvd, Los Angeles, CA 90028",NA
97720,ABH SCHRADER Los Angeles 00000,NA,"1533 Schrader Blvd, Los Angeles, CA 90028",NA
100912,ABH SCHRADER Los Angeles 90026,SOMETHING,"1533 Schrader Blvd, Los Angeles, CA 90028",SOMETHING
120335,ABH Schrader Los Angeles 90028,NA,"1533 Schrader Blvd, Los Angeles, CA 90028",NA
132858,ABH SCHRADER Los Angeles 90028,SELMA/SCHRADER,"1533 Schrader Blvd, Los Angeles, CA 90028",SELMA/SCHRADER
125598,ABH Schrader Los Angeles 90028,Selma and Schrader,"1533 Schrader Blvd, Los Angeles, CA 90028",Selma and Schrader
133112,ABH SCHRADER Los Angeles 90028,SUNSET/COLE/WILCOX,"1533 Schrader Blvd, Los Angeles, CA 90028",SUNSET/COLE/WILCOX
96440,ABH Schrader Los Angeles 90028,Selma and Las Palmas,"1533 Schrader Blvd, Los Angeles, CA 90028",Selma and Las Palmas
131662,ABH SCHRADER Los Angeles 90028,SELMA/SCHRADER,"1533 Schrader Blvd, Los Angeles, CA 90028",SELMA/SCHRADER
123262,ABH Schrader Los Angeles 90028,Selma and Schrader,"1533 Schrader Blvd, Los Angeles, CA 90028",Selma and Schrader
131886,ABH SCHRADER Los Angeles 90028,Selma/Schrader,"1533 Schrader Blvd, Los Angeles, CA 90028",Selma/Schrader
132079,ABH Schrader Los Angeles 90028,Selma,"1533 Schrader Blvd, Los Angeles, CA 90028",Selma
117393,ABH Schrader Los Angeles 90028,Selma,"1533 Schrader Blvd, Los Angeles, CA 90028",Selma
128704,ABH Schrader Los Angeles 90028,Schrader/Selma,"1533 Schrader Blvd, Los Angeles, CA 90028",Schrader/Selma
81923,ABH Schrader Los Angeles 90028,--,"1533 Schrader Blvd, Los Angeles, CA 90028",
94747,SCHRADER ABH Los Angeles 0000,ABH,"1533 Schrader Blvd, Los Angeles, CA 90028",ABH
126007,Schrader ABH Los Angeles 90028,McCadden Pl/Sunset Bl,"1533 Schrader Blvd, Los Angeles, CA 90028",McCadden Pl/Sunset Bl
122916,Schrader ABH Los Angeles 90028,Selma/Schrader,"1533 Schrader Blvd, Los Angeles, CA 90028",Selma/Schrader
123548,Schrader ABH Los Angeles 90028,Schrader and Selma,"1533 Schrader Blvd, Los Angeles, CA 90028",Schrader and Selma
102274,Schrader ABH Zone Los Angeles 90028,NA,"1533 Schrader Blvd, Los Angeles, CA 90028",NA
101134,Schrader ABH Zone Los Angeles 90028,NA,"1533 Schrader Blvd, Los Angeles, CA 90028",NA
99596,Schrader ABH Zone Los Angeles 90028,NA,"1533 Schrader Blvd, Los Angeles, CA 90028",NA
99243,Schrader ABH Zone Los Angeles 90028,NA,"1533 Schrader Blvd, Los Angeles, CA 90028",NA
101480,Schrader ABH Zone Los Angeles 90028,NA,"1533 Schrader Blvd, Los Angeles, CA 90028",NA
102158,Schrader ABH Zone Los Angeles 90028,NA,"1533 Schrader Blvd, Los Angeles, CA 90028",NA
99155,Schrader ABH Zone Los Angeles 90028,NA,"1533 Schrader Blvd, Los Angeles, CA 90028",NA
100772,Schrader ABH Zone Los Angeles 90028,NA,"1533 Schrader Blvd, Los Angeles, CA 90028",NA
102021,Schrader ABH Zone Los Angeles 90028,NA,"1533 Schrader Blvd, Los Angeles, CA 90028",NA
100849,Schrader ABH Zone Los Angeles 90028,NA,"1533 Schrader Blvd, Los Angeles, CA 90028",NA
71625,schraeder ABH Los Angeles 90028,"las palmas, leland","1533 Schrader Blvd, Los Angeles, CA 90028","las palmas, leland"
113473,schraeder ABH Los Angeles 90038,Mcadden,"1533 Schrader Blvd, Los Angeles, CA 90028",Mcadden
121877,Shrader ABH Los Angeles 90028,Selma/Shrader,"1533 Schrader Blvd, Los Angeles, CA 90028",Selma/Shrader
126447,Selma Ave/Schrader Los Angeles 90028,Schrader ABH,"1533 Schrader Blvd, Los Angeles, CA 90028",Schrader ABH
97864,1553 Schrader Los Angeles 90028,ABH ZONE,1553 Schrader Los Angeles 90028,ABH ZONE
113853,1819 S Western AVE 63363 90006,WESTERN ABH ZONE,1819 S Western AVE 63363 90006,WESTERN ABH ZONE
105288,1819 S Western Ave Los Angeles 000,ABH Western,1819 S Western AVE Los Angeles 90006,ABH Western
105767,1819 S Western AVE Los Angeles 000,ABH Western,1819 S Western AVE Los Angeles 90006,ABH Western
102209,1819 S Western AVE Los Angeles 90006,ABH Western,1819 S Western AVE Los Angeles 90006,ABH Western
117428,1819 S Western AVE Los Angeles 90006,ABH Zone,1819 S Western AVE Los Angeles 90006,ABH Zone
117228,1819 S Western AVE Los Angeles 90006,ABH Zone,1819 S Western AVE Los Angeles 90006,ABH Zone
128708,1819 S WESTERN AVE Los Angeles 90006,WESTERN ABH,1819 S WESTERN AVE Los Angeles 90006,WESTERN ABH
128407,1819 S WESTERN AVE Los Angeles 90006,WESTERN ABH,1819 S WESTERN AVE Los Angeles 90006,WESTERN ABH
128945,S WESTERN AVE Los Angeles 90006,WESTERN ABH,1819 S Western AVE Los Angeles 90006,WESTERN ABH
116549,Western AVE Los Angeles 90006,ABH Zone,1819 S Western AVE Los Angeles 90006,ABH Zone
112272,Western AVE Los Angeles 90019,ABH Western,1819 S Western AVE Los Angeles 90006,ABH Western
129663,0 Western AVE Los Angeles 90013,ABH Western,"1819 S Western Ave, Los Angeles, CA 90006",ABH Western
124123,0 ABH WESTERN Los Angeles 90019,Western and Manhattan Pl,"1819 S Western Ave, Los Angeles, CA 90006",Western and Manhattan Pl
132076,ABH Los Angeles 90019,Western,"1819 S Western Ave, Los Angeles, CA 90006",Western
132758,ABH Los Angeles 90019,WESTERN,"1819 S Western Ave, Los Angeles, CA 90006",WESTERN
106019,ABH Western  Los Angeles 000,NA,"1819 S Western Ave, Los Angeles, CA 90006",NA
105082,ABH Western  Los Angeles 000,NA,"1819 S Western Ave, Los Angeles, CA 90006",NA
106561,ABH Western  Los Angeles 000,NA,"1819 S Western Ave, Los Angeles, CA 90006",NA
106712,ABH Western  Los Angeles 000,NA,"1819 S Western Ave, Los Angeles, CA 90006",NA
103311,ABH WESTERN Los Angeles *,NA,"1819 S Western Ave, Los Angeles, CA 90006",NA
104181,ABH Western Los Angeles 000,Western,"1819 S Western Ave, Los Angeles, CA 90006",Western
105629,ABH Western Los Angeles 000,NA,"1819 S Western Ave, Los Angeles, CA 90006",NA
110893,ABH WESTERN Los Angeles 0000,TBD,"1819 S Western Ave, Los Angeles, CA 90006",TBD
107085,ABH WESTERN Los Angeles 00000,ABH Lotus,"1819 S Western Ave, Los Angeles, CA 90006",ABH Lotus
107597,ABH Western Los Angeles 90010,NA,"1819 S Western Ave, Los Angeles, CA 90006",NA
113617,ABH Western Zone Los Angeles 90006,Manhattan Ave,"1819 S Western Ave, Los Angeles, CA 90006",Manhattan Ave
118804,Western ABH Los Angeles,NA,"1819 S Western Ave, Los Angeles, CA 90006",NA
104864,Western ABH Los Angeles *,*,"1819 S Western Ave, Los Angeles, CA 90006",
106355,Western ABH Los Angeles 90006,NA,"1819 S Western Ave, Los Angeles, CA 90006",NA
100823,Western ABH Zone Los Angeles 90019,NA,"1819 S Western Ave, Los Angeles, CA 90006",NA
104658,Western ABH Zone Los Angeles 90019,NA,"1819 S Western Ave, Los Angeles, CA 90006",NA
99942,1819 S western Los Angeles 90006,ABH Western,1819 S western Los Angeles 90006,ABH Western
100480,1819 S WESTERN ST Los Angeles 90006,ABH WESTERN,1819 S WESTERN ST Los Angeles 90006,ABH WESTERN
117513,1819 SE Western AVE Los Angeles 90033,ABH Zone,1819 SE Western AVE Los Angeles 90033,ABH Zone
112473,1920 W 3rd ST Los Angeles 000,ABH MacArthur Park,1920 W 3rd ST Los Angeles 90057,ABH MacArthur Park
120324,1920 W 3rd ST Los Angeles 90057,ABH Zone,1920 W 3rd ST Los Angeles 90057,ABH Zone
115896,1920 W 3rd ST Los Angeles 90057,ABH Zone,1920 W 3rd ST Los Angeles 90057,ABH Zone
107684,Mac Aurthur Park Los Angeles --,ABH Zone,1920 W 3rd ST Los Angeles 90057,ABH Zone
118405,ABH Zone Los Angeles 90057,1920 W 3rd St,"1920 W 3rd St, Los Angeles, CA 90057",1920 W 3rd St
123271,ABH Zone Los Angeles 90057,Mac Arthur Park Alleys (1920 W 3rd St),"1920 W 3rd St, Los Angeles, CA 90057",Mac Arthur Park Alleys (1920 W 3rd St)
92040,ABH ZONE Los Angeles 90057,WESTLAKE/3RD,"1920 W 3rd St, Los Angeles, CA 90057",WESTLAKE/3RD
89687,ABH ZONE Los Angeles 90057,3rd & Westlake,"1920 W 3rd St, Los Angeles, CA 90057",3rd & Westlake
127158,ABH Zone Los Angeles 90057,NA,"1920 W 3rd St, Los Angeles, CA 90057",NA
71118,ABH zone Los Angeles 90057,NA,"1920 W 3rd St, Los Angeles, CA 90057",NA
98632,ABH ZONE Los Angeles 90057,Alvarado,"1920 W 3rd St, Los Angeles, CA 90057",Alvarado
107200,ABH Alleys Los Angeles 0000,3rd to 6th,"1920 W 3rd St, Los Angeles, CA 90057",3rd to 6th
108128,200 N Main  ST Los Angeles 90012,Civc Center ABH,200 N Main  ST Los Angeles 90012,Civc Center ABH
115529,200 N Main ST Los Angeles 90012,Civic Center ABH,200 N Main ST Los Angeles 90012,Civic Center ABH
119273,200 N Main ST Los Angeles 90012,"1st St, CIvic Center ABH",200 N Main ST Los Angeles 90012,"1st St, CIvic Center ABH"
132440,200 N Main ST Los Angeles 90012,"Temple St., Civic Center ABH",200 N Main ST Los Angeles 90012,"Temple St., Civic Center ABH"
115971,200 N Main ST Los Angeles 90012,E. Temple St.(Civic Center ABH),200 N Main ST Los Angeles 90012,E. Temple St.(Civic Center ABH)
112454,Civic . Los Angeles 90012,ABH Civic Center,200 N Main ST Los Angeles 90012,ABH Civic Center
114694,Civic Center . Los Angeles 90012,ABH Zone,200 N Main ST Los Angeles 90012,ABH Zone
91761,Civic Center Los Angeles 0000,ABH,200 N Main ST Los Angeles 90012,ABH
117067,Civic Center Los Angeles 90012,ABH Zone,200 N Main ST Los Angeles 90012,ABH Zone
116611,Civic Center Los Angeles 90012,ABH Zone,200 N Main ST Los Angeles 90012,ABH Zone
122975,Civic Center Los Angeles 90012,ABH Zone,200 N Main ST Los Angeles 90012,ABH Zone
102278,20900 Bassett . Los Angeles 91304,ABH Willows -Independence,20900 Bassett . Los Angeles 91304,ABH Willows -Independence
119172,ABH MAC PARK Los Angeles 000,NA,"2230 W 6th St, Los Angeles, CA 90057",NA
130505,ABH Mac Park Los Angeles 00000,NA,"2230 W 6th St, Los Angeles, CA 90057",NA
119932,Mac Arthur Park ABH Los Angeles 00000,NA,"2230 W 6th St, Los Angeles, CA 90057",NA
133479,Mac Arthur Park ABH Zone Los Angeles 000,NA,"2230 W 6th St, Los Angeles, CA 90057",NA
117782,Mac Park ABH Los Angeles 00000,NA,"2230 W 6th St, Los Angeles, CA 90057",NA
117242,Mac Park ABH Zone Los Angeles 000,NA,"2230 W 6th St, Los Angeles, CA 90057",NA
116667,Mac Park ABH Zone Los Angeles 000,NA,"2230 W 6th St, Los Angeles, CA 90057",NA
123899,Mac Park ABH zone Los Angeles 90057,NA,"2230 W 6th St, Los Angeles, CA 90057",NA
125611,Mac Park ABH Zone Los Angeles 90057,NA,"2230 W 6th St, Los Angeles, CA 90057",NA
109234,MacArthur Park ABH Los Angeles 000,NA,"2230 W 6th St, Los Angeles, CA 90057",NA
121598,MacArthur Park ABH Los Angeles 0000,NA,"2230 W 6th St, Los Angeles, CA 90057",NA
105733,MacAurthur Park ABH ST Los Angeles 00000,NA,"2230 W 6th St, Los Angeles, CA 90057",NA
115470,CD1 ABH Los Angeles 90057,Alleys,"2230 W 6th St, Los Angeles, CA 90057",Alleys
99592,CD1 ABH Zone Los Angeles 0000,tbd,"2230 W 6th St, Los Angeles, CA 90057",tbd
99854,CD1 ABH Zone Los Angeles 90057,NA,"2230 W 6th St, Los Angeles, CA 90057",NA
100131,CD1 ABH Zone Los Angeles 90057,NA,"2230 W 6th St, Los Angeles, CA 90057",NA
100620,ABH CD1 Zone Los Angeles 90057,NA,"2230 W 6th St, Los Angeles, CA 90057",NA
101354,2301 S Main  ST Los Angeles 90007,HOPE ABH,2301 S Main  ST Los Angeles 90007,HOPE ABH
75610,ABH Imperial Los Angeles 0,South LA,"2316 E Imperial Hwy, Los Angeles, CA 90059",South LA
110983,ABH Imperial Los Angeles 90002,NA,"2316 E Imperial Hwy, Los Angeles, CA 90059",NA
111063,ABH Imperial Los Angeles 90002,NA,"2316 E Imperial Hwy, Los Angeles, CA 90059",NA
112712,ABH Imperial Los Angeles 90059,NA,"2316 E Imperial Hwy, Los Angeles, CA 90059",NA
113485,ABH Imperial Los Angeles 90059,NA,"2316 E Imperial Hwy, Los Angeles, CA 90059",NA
115024,ABH Imperial Los Angeles 90059,NA,"2316 E Imperial Hwy, Los Angeles, CA 90059",NA
131680,ABH Imperial Los Angeles 90059,NA,"2316 E Imperial Hwy, Los Angeles, CA 90059",NA
125287,ABH Imperial Los Angeles 90059,NA,"2316 E Imperial Hwy, Los Angeles, CA 90059",NA
114256,ABH Imperial Los Angeles 90059,NA,"2316 E Imperial Hwy, Los Angeles, CA 90059",NA
124241,ABH Imperial Los Angeles 90059,NA,"2316 E Imperial Hwy, Los Angeles, CA 90059",NA
130207,Imperial ABH Zone Los Angeles 90059,NA,"2316 E Imperial Hwy, Los Angeles, CA 90059",NA
123535,Imperial ABH Zone Los Angeles 90059,NA,"2316 E Imperial Hwy, Los Angeles, CA 90059",NA
109472,Imperial ABH Zone Los Angeles 90059,NA,"2316 E Imperial Hwy, Los Angeles, CA 90059",NA
115307,Imperial ABH Zone Los Angeles 90059,NA,"2316 E Imperial Hwy, Los Angeles, CA 90059",NA
125194,Imperial ABH Zone Los Angeles 90059,NA,"2316 E Imperial Hwy, Los Angeles, CA 90059",NA
113725,Imperial ABH Zone Los Angeles 90059,NA,"2316 E Imperial Hwy, Los Angeles, CA 90059",NA
129133,Imperial ABH Zone Los Angeles 90059,NA,"2316 E Imperial Hwy, Los Angeles, CA 90059",NA
131002,Imperial ABH Zone Los Angeles 90059,NA,"2316 E Imperial Hwy, Los Angeles, CA 90059",NA
124162,Imperial ABH Zone Los Angeles 90059,NA,"2316 E Imperial Hwy, Los Angeles, CA 90059",NA
126429,Imperial ABH Zone Los Angeles 90059,NA,"2316 E Imperial Hwy, Los Angeles, CA 90059",NA
114585,Imperial ABH Zone Los Angeles 90059,NA,"2316 E Imperial Hwy, Los Angeles, CA 90059",NA
109797,Imperial ABH Zone Los Angeles 90059,NA,"2316 E Imperial Hwy, Los Angeles, CA 90059",NA
116537,Imperial ABH Zone Los Angeles 90059,NA,"2316 E Imperial Hwy, Los Angeles, CA 90059",NA
109879,Imperial ABH Zone Los Angeles 90059,NA,"2316 E Imperial Hwy, Los Angeles, CA 90059",NA
121009,Imperial ABH Zone Los Angeles 90059,NA,"2316 E Imperial Hwy, Los Angeles, CA 90059",NA
110589,Imperial ABH Zone Los Angeles 90059,NA,"2316 E Imperial Hwy, Los Angeles, CA 90059",NA
120674,Imperial ABH Zone Los Angeles 90059,NA,"2316 E Imperial Hwy, Los Angeles, CA 90059",NA
124445,Imperial ABH Zone Los Angeles 90059,NA,"2316 E Imperial Hwy, Los Angeles, CA 90059",NA
117579,Imperial ABH Zone Los Angeles 90059,NA,"2316 E Imperial Hwy, Los Angeles, CA 90059",NA
117652,Imperial ABH Zone Los Angeles 90759,NA,"2316 E Imperial Hwy, Los Angeles, CA 90059",NA
99809,2817 HOPE ST Los Angeles 90007,ABH HOPE,2817 HOPE ST Los Angeles 90007,ABH HOPE
105812,2817 S Hope ST Los Angeles 000,ABH Hope,2817 S Hope ST Los Angeles 000,ABH Hope
128640,2817 S HOPE ST Los Angeles 90007,HOPE ABH,2817 S HOPE ST Los Angeles 90007,HOPE ABH
89726,2817 S Hope ST Los Angeles 90007,ABH,2817 S Hope ST Los Angeles 90007,ABH
100361,2817 S Hope ST Los Angeles 90007,ABH Hope,2817 S Hope ST Los Angeles 90007,ABH Hope
100262,2817 S Hope ST Los Angeles 90007,ABH Care Hope,2817 S Hope ST Los Angeles 90007,ABH Care Hope
128327,2817 S HOPE ST Los Angeles 90007,HOPE ABH,2817 S HOPE ST Los Angeles 90007,HOPE ABH
128475,2817 S Hope ST Los Angeles 90007,ABH Hope,2817 S Hope ST Los Angeles 90007,ABH Hope
83768,2817 S HOPE ABH ST Los Angeles 00000,28th Street,"2817 S Hope St, Los Angeles, CA 90007",28th Street
132526,ABH Los Angeles 90032,HOPE,"2817 S Hope St, Los Angeles, CA 90007",HOPE
125920,ABH Los Angeles 90037,HOPE,"2817 S Hope St, Los Angeles, CA 90007",HOPE
118316,HOPE ABH Los Angeles,NA,"2817 S Hope St, Los Angeles, CA 90007",NA
107782,HOPE ABH Los Angeles *,*,"2817 S Hope St, Los Angeles, CA 90007",
129376,HOPE ABH Los Angeles 90007,NA,"2817 S Hope St, Los Angeles, CA 90007",NA
121098,ABH HOPE . Los Angeles 90007,NA,"2817 S Hope St, Los Angeles, CA 90007",NA
103080,ABH HOPE Los Angeles *,NA,"2817 S Hope St, Los Angeles, CA 90007",NA
107645,ABH Hope Los Angeles 000,NA,"2817 S Hope St, Los Angeles, CA 90007",NA
122172,ABH Hope Los Angeles 90007,31st and 32nd St between Main St and Broadway,"2817 S Hope St, Los Angeles, CA 90007",31st and 32nd St between Main St and Broadway
107190,ABH HOPE Los Angeles 90007,TBD,"2817 S Hope St, Los Angeles, CA 90007",TBD
119833,ABH Hope Los Angeles 90007,NA,"2817 S Hope St, Los Angeles, CA 90007",NA
116442,ABH Hope Los Angeles 90007,NA,"2817 S Hope St, Los Angeles, CA 90007",NA
107306,ABH Hope ST Los Angeles 90007,NA,"2817 S Hope St, Los Angeles, CA 90007",NA
125195,ABH HWY Los Angeles 90013,"HOPE (33rd St, Hope to Grand)","2817 S Hope St, Los Angeles, CA 90007","HOPE (33rd St, Hope to Grand)"
89436,Hope  Los Angeles 00000,ABH,"2817 S Hope St, Los Angeles, CA 90007",ABH
92198,Hope  ST Los Angeles 0000,ABH,"2817 S Hope St, Los Angeles, CA 90007",ABH
86894,HOPE Los Angeles 00000,ABH Zone,"2817 S Hope St, Los Angeles, CA 90007",ABH Zone
88498,HOPE ST Los Angeles 00000,ABH,"2817 S Hope St, Los Angeles, CA 90007",ABH
116915,Hope ST Los Angeles 90007,ABH Zone,"2817 S Hope St, Los Angeles, CA 90007",ABH Zone
85623,Hope Street Los Angeles 0000,ABH Zone,"2817 S Hope St, Los Angeles, CA 90007",ABH Zone
117300,2819 S Hope ST Los Angeles 90007,ABH Zone,2819 S Hope ST Los Angeles 90007,ABH Zone
108463,310 N Main  ST Los Angeles 000,ABH CIVIC CENTER,310 N Main  ST Los Angeles 000,ABH CIVIC CENTER
100781,310 N Main  ST Los Angeles 90012,ABH CIVIC CENTER,310 N Main  ST Los Angeles 90012,ABH CIVIC CENTER
100152,310 N Main  ST Los Angeles 90012,ABH CIVIC CENTER,310 N Main  ST Los Angeles 90012,ABH CIVIC CENTER
105465,310 N Main  ST Los Angeles 90012,ABH CIVIC CENTER,310 N Main  ST Los Angeles 90012,ABH CIVIC CENTER
102768,310 N Main ST Los Angeles 00000,ABH CIVIC CENTER,310 N Main ST Los Angeles 00000,ABH CIVIC CENTER
103082,310 N Main ST Los Angeles 00000,ABH CIVIC CENTER,310 N Main ST Los Angeles 00000,ABH CIVIC CENTER
95046,310 N Main ST Los Angeles 90012,ABH Civic Center,310 N Main ST Los Angeles 90012,ABH Civic Center
104046,310 N Main ST Los Angeles 90012,ABH Zone - Civic Center,310 N Main ST Los Angeles 90012,ABH Zone - Civic Center
104486,310 N Main ST Los Angeles 90012,ABH CIVIC CENTER,310 N Main ST Los Angeles 90012,ABH CIVIC CENTER
106082,ABH CIVIC  Los Angeles 90012,TBD,"310 N Main St, Los Angeles, CA 90012",TBD
112533,ABH Civic Center Los Angeles 90012,NA,"310 N Main St, Los Angeles, CA 90012",NA
106277,ABH CIVIC CENTER Los Angeles 90012,TBD,"310 N Main St, Los Angeles, CA 90012",TBD
115472,ABH Civic Center Los Angeles 90012,NA,"310 N Main St, Los Angeles, CA 90012",NA
115912,ABH Civic Center Los Angeles 90012,Main from 1st to Aliso Street,"310 N Main St, Los Angeles, CA 90012",Main from 1st to Aliso Street
111181,ABH Civic Center Los Angeles 90012,NA,"310 N Main St, Los Angeles, CA 90012",NA
103201,ABH CIVIC Los Angeles 90012,NA,"310 N Main St, Los Angeles, CA 90012",NA
113781,ABH CIVIC Los Angeles 90012,Main,"310 N Main St, Los Angeles, CA 90012",Main
133766,ABH Los Angeles 90013,CIVIC CENTER,"310 N Main St, Los Angeles, CA 90012",CIVIC CENTER
121648,ABH Zone Civic Center Los Angeles 90012,NA,"310 N Main St, Los Angeles, CA 90012",NA
110770,Civec Center ABH Zone Los Angeles 90012,NA,"310 N Main St, Los Angeles, CA 90012",NA
133478,Civi ABH Los Angeles 90003,NA,"310 N Main St, Los Angeles, CA 90012",NA
121249,Civic Center ABH Los Angeles,NA,"310 N Main St, Los Angeles, CA 90012",NA
85600,Civic Center ABH Los Angeles 00000,NA,"310 N Main St, Los Angeles, CA 90012",NA
114062,Civic Center ABH Los Angeles 90012,*,"310 N Main St, Los Angeles, CA 90012",
103374,CIVIC CENTER ABH Los Angeles 90021,TBH,"310 N Main St, Los Angeles, CA 90012",TBH
120462,Civic Center ABH Zone Los Angeles 90012,NA,"310 N Main St, Los Angeles, CA 90012",NA
116696,Civic Center ABH Zone Los Angeles 90012,NA,"310 N Main St, Los Angeles, CA 90012",NA
109308,Civic Center ABH Zone Los Angeles 90012,NA,"310 N Main St, Los Angeles, CA 90012",NA
133818,Civic Center ABH Zone Los Angeles 90012,NA,"310 N Main St, Los Angeles, CA 90012",NA
132167,Civic Center ABH Zone Los Angeles 90012,NA,"310 N Main St, Los Angeles, CA 90012",NA
113271,Civic Center ABH Zone Los Angeles 90012,NA,"310 N Main St, Los Angeles, CA 90012",NA
123030,Civic Center ABH Zone Los Angeles 90012,NA,"310 N Main St, Los Angeles, CA 90012",NA
129524,Civic Center ABH Zone Los Angeles 90012,NA,"310 N Main St, Los Angeles, CA 90012",NA
123679,Civic Center ABH Zone Los Angeles 90012,NA,"310 N Main St, Los Angeles, CA 90012",NA
93361,ABH Riverside Los Angeles 000,NA,"3210 Riverside Drive, Los Angeles, CA",NA
91196,3rd ST Los Angeles 90057,westlake ABH zone,3rd ST Los Angeles 90057,westlake ABH zone
90699,3rd ST Los Angeles 90057,westlake ABH zone,3rd ST Los Angeles 90057,westlake ABH zone
106720,ABH Alexandria Los Angeles 000,NA,"426 S. Alexandria Avenue Los Angeles, CA 90020",NA
107090,ABH Alexandria Los Angeles 000,NA,"426 S. Alexandria Avenue Los Angeles, CA 90020",NA
107436,ABH Alexandria Los Angeles 000,NA,"426 S. Alexandria Avenue Los Angeles, CA 90020",NA
107725,ABH Alexandria Los Angeles 000,NA,"426 S. Alexandria Avenue Los Angeles, CA 90020",NA
128010,ABH Alexandria Los Angeles 91406,Total Zone,"426 S. Alexandria Avenue Los Angeles, CA 90020",Total Zone
118852,ABH Alexandria Los Angeles 91406,NA,"426 S. Alexandria Avenue Los Angeles, CA 90020",NA
111754,ABH Alexandria Los Angeles 91606,NA,"426 S. Alexandria Avenue Los Angeles, CA 90020",NA
124896,Alexandria ABH Los Angeles 91405,Laurel and victory,"426 S. Alexandria Avenue Los Angeles, CA 90020",Laurel and victory
124268,Laurel Grove  Los Angeles 91405,ABH Alexandria,"426 S. Alexandria Avenue Los Angeles, CA 90020",ABH Alexandria
100032,Laurel Grove Los Angeles 91604,ABH LA RIVER - Ventura Blvd,"426 S. Alexandria Avenue Los Angeles, CA 90020",ABH LA RIVER - Ventura Blvd
82904,ABH Los Angeles *,4th and Rose,4th and Rose los angeles,4th and Rose
124458,ABH Beacon Los Angeles 90731,NA,"515 N Beacon St, Los Angeles, CA",NA
111061,ABH Beacon Los Angeles 90731,NA,"515 N Beacon St, Los Angeles, CA",NA
115261,ABH Beacon Los Angeles 90731,NA,"515 N Beacon St, Los Angeles, CA",NA
121089,ABH Beacon Los Angeles 90731,NA,"515 N Beacon St, Los Angeles, CA",NA
115021,ABH Beacon Los Angeles 90731,NA,"515 N Beacon St, Los Angeles, CA",NA
125286,ABH Beacon Los Angeles 90731,NA,"515 N Beacon St, Los Angeles, CA",NA
116068,ABH Beacon Los Angeles 90731,NA,"515 N Beacon St, Los Angeles, CA",NA
122827,ABH Beacon Los Angeles 90731,NA,"515 N Beacon St, Los Angeles, CA",NA
121488,ABH Beacon Los Angeles 90731,NA,"515 N Beacon St, Los Angeles, CA",NA
111319,ABH Beacon Los Angeles 90731,NA,"515 N Beacon St, Los Angeles, CA",NA
113680,ABH Beacon Los Angeles 90731,NA,"515 N Beacon St, Los Angeles, CA",NA
118032,ABH Beacon Los Angeles 90731,NA,"515 N Beacon St, Los Angeles, CA",NA
125919,ABH Beacon Los Angeles 90731,NA,"515 N Beacon St, Los Angeles, CA",NA
124286,ABH Beacon Los Angeles 90731,NA,"515 N Beacon St, Los Angeles, CA",NA
111969,ABH Beacon Los Angeles 90731,NA,"515 N Beacon St, Los Angeles, CA",NA
113483,ABH Beacon Los Angeles 90731,NA,"515 N Beacon St, Los Angeles, CA",NA
111649,ABH Beacon Los Angeles 90732,NA,"515 N Beacon St, Los Angeles, CA",NA
112451,Beacon ABH Zone Los Angeles 90731,NA,"515 N Beacon St, Los Angeles, CA",NA
125842,Beacon ABH Zone Los Angeles 90731,NA,"515 N Beacon St, Los Angeles, CA",NA
109407,Beacon ABH Zone Los Angeles 90731,Beacon St & 7th St,"515 N Beacon St, Los Angeles, CA",Beacon St & 7th St
127154,Beacon ABH Zone Los Angeles 90731,NA,"515 N Beacon St, Los Angeles, CA",NA
124756,Beacon ABH Zone Los Angeles 90731,NA,"515 N Beacon St, Los Angeles, CA",NA
126995,Beacon ABH Zone Los Angeles 90731,NA,"515 N Beacon St, Los Angeles, CA",NA
113724,Beacon ABH Zone Los Angeles 90731,NA,"515 N Beacon St, Los Angeles, CA",NA
129082,Beacon ABH Zone Los Angeles 90731,NA,"515 N Beacon St, Los Angeles, CA",NA
110120,Beacon ABH Zone Los Angeles 90731,NA,"515 N Beacon St, Los Angeles, CA",NA
126684,Beacon ABH Zone Los Angeles 90731,NA,"515 N Beacon St, Los Angeles, CA",NA
113850,Beacon ABH Zone Los Angeles 90731,NA,"515 N Beacon St, Los Angeles, CA",NA
120235,Beacon ABH Zone Los Angeles 90731,NA,"515 N Beacon St, Los Angeles, CA",NA
116122,Beacon ABH Zone Los Angeles 90731,NA,"515 N Beacon St, Los Angeles, CA",NA
128934,Beacon ABH Zone Los Angeles 90731,NA,"515 N Beacon St, Los Angeles, CA",NA
126428,Beacon ABH Zone Los Angeles 90731,NA,"515 N Beacon St, Los Angeles, CA",NA
117720,Beacon ABH Zone Los Angeles 90731,NA,"515 N Beacon St, Los Angeles, CA",NA
126253,Beacon ABH Zone Los Angeles 90731,NA,"515 N Beacon St, Los Angeles, CA",NA
111572,Beacon ABH Zone Los Angeles 90731,NA,"515 N Beacon St, Los Angeles, CA",NA
113348,Beacon ABH Zone Los Angeles 90731,NA,"515 N Beacon St, Los Angeles, CA",NA
113609,Beacon ABH Zone Los Angeles 90731,NA,"515 N Beacon St, Los Angeles, CA",NA
117299,Beacon ABH Zone Los Angeles 90731,NA,"515 N Beacon St, Los Angeles, CA",NA
114583,Beacon ABH Zone Los Angeles 90731,NA,"515 N Beacon St, Los Angeles, CA",NA
112015,Beacon ABH Zone Los Angeles 90731,NA,"515 N Beacon St, Los Angeles, CA",NA
116535,Beacon ABH Zone Los Angeles 90731,NA,"515 N Beacon St, Los Angeles, CA",NA
129435,Beacon ABH Zone Los Angeles 90731,NA,"515 N Beacon St, Los Angeles, CA",NA
117283,525 Broad AVE Los Angeles 90744,"E. E St & E. F St., Eubank ABH",525 Broad AVE Los Angeles 90744,"E. E St & E. F St., Eubank ABH"
131227,525 N Broad  AVE Los Angeles 90744,"E. E. St, Eubank ABH",525 N Broad  AVE Los Angeles 90744,"E. E. St, Eubank ABH"
132189,525 N Broad  AVE Los Angeles 90744,E. E. St. Eubank ABH,525 N Broad  AVE Los Angeles 90744,E. E. St. Eubank ABH
122453,Broad  AVE Los Angeles 90744,"E. F. St., Eubank ABH",525 N Broad  AVE Los Angeles 90744,"E. F. St., Eubank ABH"
102793,Broad AVE Los Angeles 90744,East F St (Eubank ABH Zone),525 N Broad  AVE Los Angeles 90744,East F St (Eubank ABH Zone)
126720,525 N Broad AVE Los Angeles 90744,E St in Eubank ABH Zone,525 N Broad AVE Los Angeles 90744,E St in Eubank ABH Zone
101317,525 N Broad AVE Los Angeles 90744,ABH zone,525 N Broad AVE Los Angeles 90744,ABH zone
101416,525 S Beacon ST Los Angeles 90731,Beacon ABH Zone,525 S Beacon ST Los Angeles 90731,Beacon ABH Zone
123545,5695 S St. Andrews PL Los Angeles 90047,"W. 60th St., St Andrews ABH",5695 S St. Andrews PL Los Angeles 90047,"W. 60th St., St Andrews ABH"
106213,5695 ST Andrews  PL Los Angeles 0000,ABH ST. ANDREWS,5695 ST Andrews  PL Los Angeles 0000,ABH ST. ANDREWS
109052,5965 S St Andrews  PL Los Angeles 90047,62nd St (St Andrews ABH),5965 S St Andrews  PL Los Angeles 90047,62nd St (St Andrews ABH)
109035,5965 S St Andrews  PL Los Angeles 90047,W 60th St (St Andrews ABH),5965 S St Andrews  PL Los Angeles 90047,W 60th St (St Andrews ABH)
109112,5965 S St Andrews PL Los Angeles 90047,60th St (St Andrews ABH),5965 S St Andrews PL Los Angeles 90047,60th St (St Andrews ABH)
109203,5965 S St Andrews PL Los Angeles 90047,60th St (St Andrews ABH zone),5965 S St Andrews PL Los Angeles 90047,60th St (St Andrews ABH zone)
109115,5965 S St Andrews PL Los Angeles 90047,60th St (St Andrews ABH),5965 S St Andrews PL Los Angeles 90047,60th St (St Andrews ABH)
109205,5965 S St Andrews PL Los Angeles 90047,60th St (ABH zone St Andrews),5965 S St Andrews PL Los Angeles 90047,60th St (ABH zone St Andrews)
104706,ABH St Andrews Los Angeles *,*,"5965 S St Andrews Pl, Los Angeles, CA 90047",
107584,ABH St Andrews Los Angeles 000,NA,"5965 S St Andrews Pl, Los Angeles, CA 90047",NA
117364,ABH St Andrews Los Angeles 90047,NA,"5965 S St Andrews Pl, Los Angeles, CA 90047",NA
116532,ABH St Andrews Los Angeles 90047,NA,"5965 S St Andrews Pl, Los Angeles, CA 90047",NA
122890,ABH St Andrews Los Angeles 90047,NA,"5965 S St Andrews Pl, Los Angeles, CA 90047",NA
133421,ABH St Andrews Los Angeles 90047,NA,"5965 S St Andrews Pl, Los Angeles, CA 90047",NA
120326,ABH St Andrews Los Angeles 90047,NA,"5965 S St Andrews Pl, Los Angeles, CA 90047",NA
113979,ABH St Andrews Los Angeles 90047,NA,"5965 S St Andrews Pl, Los Angeles, CA 90047",NA
115393,ABH St Andrews Los Angeles 90047,NA,"5965 S St Andrews Pl, Los Angeles, CA 90047",NA
126067,ABH St Andrews Los Angeles 90062,5555 Western Ave,"5965 S St Andrews Pl, Los Angeles, CA 90047",5555 Western Ave
131889,ABH St Andrews Los Angeles 90062,NA,"5965 S St Andrews Pl, Los Angeles, CA 90047",NA
132342,ABH St Andrews Los Angeles 90062,NA,"5965 S St Andrews Pl, Los Angeles, CA 90047",NA
116221,ABH St Andrews Los Angeles 90062,NA,"5965 S St Andrews Pl, Los Angeles, CA 90047",NA
132860,ABH St Andrews Los Angeles 90062,NA,"5965 S St Andrews Pl, Los Angeles, CA 90047",NA
124578,ABH St Andrews Los Angeles 90062,NA,"5965 S St Andrews Pl, Los Angeles, CA 90047",NA
107260,ABH St. Andrews PL Los Angeles 90047,NA,"5965 S St Andrews Pl, Los Angeles, CA 90047",NA
129527,San Adrews ABH Zone PL Los Angeles 90047,NA,"5965 S St Andrews Pl, Los Angeles, CA 90047",NA
119431,St Andrews ABH Zonbe Los Angeles 90047,NA,"5965 S St Andrews Pl, Los Angeles, CA 90047",NA
122601,St Andrews ABH Zone Los Angeles 90047,NA,"5965 S St Andrews Pl, Los Angeles, CA 90047",NA
133695,St Andrews ABH Zone Los Angeles 90047,NA,"5965 S St Andrews Pl, Los Angeles, CA 90047",NA
116981,St Andrews ABH Zone Los Angeles 90047,NA,"5965 S St Andrews Pl, Los Angeles, CA 90047",NA
121565,St Andrews ABH Zone Los Angeles 90047,NA,"5965 S St Andrews Pl, Los Angeles, CA 90047",NA
119160,St Andrews ABH Zone Los Angeles 90047,NA,"5965 S St Andrews Pl, Los Angeles, CA 90047",NA
130797,St Andrews ABH Zone Los Angeles 90047,NA,"5965 S St Andrews Pl, Los Angeles, CA 90047",NA
124880,St Andrews ABH Zone Los Angeles 90047,NA,"5965 S St Andrews Pl, Los Angeles, CA 90047",NA
123886,St Andrews ABH Zone Los Angeles 90047,NA,"5965 S St Andrews Pl, Los Angeles, CA 90047",NA
122250,St Andrews ABH Zone Los Angeles 90047,NA,"5965 S St Andrews Pl, Los Angeles, CA 90047",NA
119599,St Andrews ABH Zone Los Angeles 90047,NA,"5965 S St Andrews Pl, Los Angeles, CA 90047",NA
115817,St Andrews ABH Zone Los Angeles 90047,NA,"5965 S St Andrews Pl, Los Angeles, CA 90047",NA
84752,St. Andrews ABH Los Angeles 00000,NA,"5965 S St Andrews Pl, Los Angeles, CA 90047",NA
99561,St. Andrews ABH zone Los Angeles 90047,NA,"5965 S St Andrews Pl, Los Angeles, CA 90047",NA
114312,St. Andrews ABH Zone Los Angeles 90047,NA,"5965 S St Andrews Pl, Los Angeles, CA 90047",NA
130334,Los Angeles 90047,ABH St Andrews,"5965 S St Andrews Pl, Los Angeles, CA 90047",ABH St Andrews
131117,Los Angeles 90047,ABH St Andrews,"5965 S St Andrews Pl, Los Angeles, CA 90047",ABH St Andrews
132083,5965 S St.  Andrews  PL Los Angeles 90047,"W. 60th Pl., St Andrews ABH","5965 S St Andrews Pl, Los Angeles, CA 90047","W. 60th Pl., St Andrews ABH"
104891,5965 S St. Andrews Los Angeles 000,ABH St. Andrews,"5965 S St Andrews Pl, Los Angeles, CA 90047",ABH St. Andrews
116873,5965 S St. Andrews PLZ Los Angeles 90047,ABH Zone,"5965 S St Andrews Pl, Los Angeles, CA 90047",ABH Zone
100360,5965 St ANdrews  PL Los Angeles 90047,ABH St Andrews,"5965 S St Andrews Pl, Los Angeles, CA 90047",ABH St Andrews
127871,5965 ST ANDREWS PL Los Angeles 90047,ABH SAINT ANDREWS,"5965 S St Andrews Pl, Los Angeles, CA 90047",ABH SAINT ANDREWS
105797,5965 St. Andrews Los Angeles 000,ABH St Andrews,"5965 S St Andrews Pl, Los Angeles, CA 90047",ABH St Andrews
110135,5965 St. Andrews PL Los Angeles 90047,ABH zone,"5965 S St Andrews Pl, Los Angeles, CA 90047",ABH zone
104280,5965 St. Andrews PL Los Angeles 90047,St. Andrews ABH,"5965 S St Andrews Pl, Los Angeles, CA 90047",St. Andrews ABH
105463,5965 St. Andrews PL Los Angeles 90047,ABH St. Andrews,"5965 S St Andrews Pl, Los Angeles, CA 90047",ABH St. Andrews
128473,5965 St. Andrews PL Los Angeles 90047,ABH zone,"5965 S St Andrews Pl, Los Angeles, CA 90047",ABH zone
118801,5969 St. Andrews PL Los Angeles 90062,"W. 60th St., St. Andrews ABH","5965 S St Andrews Pl, Los Angeles, CA 90047","W. 60th St., St. Andrews ABH"
105278,St Andrews  PL Los Angeles 90047,ABH,"5965 S St Andrews Pl, Los Angeles, CA 90047",ABH
106356,6099 Laiurel canyon  Los Angeles 0000,ABH TH ALEXANDRIA,6099 Laurel Canyon  BLVD Los Angeles 91606,ABH TH ALEXANDRIA
130799,6099 laurel Canyon   BLVD Los Angeles 91606,ABH Alexandria,6099 Laurel Canyon  BLVD Los Angeles 91606,ABH Alexandria
106062,6099 Laurel Canyon  BLVD Los Angeles 91606,ABH Alexandria,6099 Laurel Canyon  BLVD Los Angeles 91606,ABH Alexandria
105434,6099 Laurel Canyon BLVD Los Angeles 000,ABH Alexandria,6099 Laurel Canyon  BLVD Los Angeles 91606,ABH Alexandria
126767,6099 Laurel Canyon BLVD Los Angeles 91606,ABH Alexandria,6099 Laurel Canyon  BLVD Los Angeles 91606,ABH Alexandria
100477,625 La FAYETTE PARK PL Los Angeles 90057,ABH LA FAYETTE,"625 S La Fayette Park Pl, Los Angeles, CA 90005",ABH LA FAYETTE
100915,625 S La Fayette PARK Los Angeles 90057,ABH CARE LA FAYETTE & Western,"625 S La Fayette Park Pl, Los Angeles, CA 90005",ABH CARE LA FAYETTE & Western
113226,ABH Lafayette Los Angeles 90057,NA,"625 S La Fayette Park Pl, Los Angeles, CA 90005",NA
121649,Lafayette ABH Zone Los Angeles 90005,NA,"625 S La Fayette Park Pl, Los Angeles, CA 90005",NA
124326,Lafayette ABH Zone Los Angeles 90005,NA,"625 S La Fayette Park Pl, Los Angeles, CA 90005",NA
128338,Lafayette ABH Zone Los Angeles 90005,NA,"625 S La Fayette Park Pl, Los Angeles, CA 90005",NA
111111,Lafayette ABH Zone Los Angeles 90005,NA,"625 S La Fayette Park Pl, Los Angeles, CA 90005",NA
108305,Lafayette ABH Zone Los Angeles 90005,NA,"625 S La Fayette Park Pl, Los Angeles, CA 90005",NA
123319,Lafayette ABH Zone Los Angeles 90010,NA,"625 S La Fayette Park Pl, Los Angeles, CA 90005",NA
99944,625 S Lafaytte Los Angeles 90057,ABH LAFAYETTE,"625 S La Fayette Park Pl, Los Angeles, CA 90005",ABH LAFAYETTE
130859,Los Angeles 90010,ABH Lafayette,"625 S La Fayette Park Pl, Los Angeles, CA 90005",ABH Lafayette
131170,S Berendo ST Los Angeles 90005,"6th St., Lafayetttee ABH","625 S La Fayette Park Pl, Los Angeles, CA 90005","6th St., Lafayetttee ABH"
116299,6422 Vesper Los Angeles 91405,ABH Aetna,6422 Vesper Los Angeles 91405,ABH Aetna
124573,6611 Selma AVE Los Angeles 90028,Schrader ABH,6611 Selma AVE Los Angeles 90028,Schrader ABH
132149,6633 Van Nuys  BLVD Los Angeles 91405,ABH Aetna,6633 Van Nuys  BLVD Los Angeles 91405,ABH Aetna
124229,6675 Selma AVE Los Angeles 90028,Schrader ABH Zone,6675 Selma AVE Los Angeles 90028,Schrader ABH Zone
100626,6800 Eton AVE Los Angeles 91304,ABH WIllows Eaton & Vanowen,6800 Eton AVE Los Angeles 91304,ABH WIllows Eaton & Vanowen
117447,6th ST Los Angeles 90005,"S. Berendo St.,(Lafayette ABH)",6th ST Los Angeles 90005,"S. Berendo St.,(Lafayette ABH)"
80652,701 N Alameda ST Los Angeles 90012,El Pueblo ABH zone,701 N Alameda ST Los Angeles 90012,El Pueblo ABH zone
84842,EL Peeblo Los Angeles 0000,ABH,701 N Alameda ST Los Angeles 90012,ABH
87760,El Pueblo  Los Angeles 0000,ABH,701 N Alameda ST Los Angeles 90012,ABH
86757,El Pueblo Los Angeles *,ABH Zone,701 N Alameda ST Los Angeles 90012,ABH Zone
91570,El Pueblo Los Angeles 000,ABH Zone,701 N Alameda ST Los Angeles 90012,ABH Zone
89620,El Pueblo Los Angeles 0000,ABH,701 N Alameda ST Los Angeles 90012,ABH
92373,El Pueblo Los Angeles 0000,ABH SECZ,701 N Alameda ST Los Angeles 90012,ABH SECZ
86173,El Pueblo Los Angeles 0000,ABH Zone,701 N Alameda ST Los Angeles 90012,ABH Zone
91070,El Pueblo Los Angeles 0000,ABH Zone,701 N Alameda ST Los Angeles 90012,ABH Zone
90344,El Pueblo Los Angeles 0000,ABH,701 N Alameda ST Los Angeles 90012,ABH
88500,El Pueblo Los Angeles 00000,ABH,701 N Alameda ST Los Angeles 90012,ABH
90234,El Pueblo Los Angeles 00000,ABH,701 N Alameda ST Los Angeles 90012,ABH
125525,Spring/Arcadia Los Angeles 90012,El Pueblo ABH,701 N Alameda ST Los Angeles 90012,El Pueblo ABH
94870,711 N Alameda  ST Los Angeles 90012,El Pueblo ABH Zone,711 N Alameda  ST Los Angeles 90012,El Pueblo ABH Zone
81758,711 N Alameda  ST Los Angeles 90012,ABH El Pueblo Zone,711 N Alameda  ST Los Angeles 90012,ABH El Pueblo Zone
82245,711 N Alameda  ST Los Angeles 90012,ABH El Pueblo zone,711 N Alameda  ST Los Angeles 90012,ABH El Pueblo zone
99167,711 N Alameda ST Los Angeles 90012,ABH,711 N Alameda ST Los Angeles 90012,ABH
80419,711 N Alameda ST Los Angeles 90012,"ABH zone, baskets, bridges",711 N Alameda ST Los Angeles 90012,"ABH zone, baskets, bridges"
123836,711 N Alameda ST Los Angeles 90012,El Pueblo ABH,711 N Alameda ST Los Angeles 90012,El Pueblo ABH
123956,711 N Alameda ST Los Angeles 90012,El Pueblo ABH,711 N Alameda ST Los Angeles 90012,El Pueblo ABH
82022,711 N Alameda ST Los Angeles 90012,ABH El Pueblo zone,711 N Alameda ST Los Angeles 90012,ABH El Pueblo zone
79436,711 N Alameda ST Los Angeles 90012,ABH zone,711 N Alameda ST Los Angeles 90012,ABH zone
78946,711 N Alameda St ST Los Angeles 90012,EL Pueblo ABH,711 N Alameda St ST Los Angeles 90012,EL Pueblo ABH
84150,0 EL PUEBLO ABH Los Angeles NA,NA,"711 N Alameda St, Los Angeles, CA 90012",NA
99798,ABH El Pubelo Los Angeles 90012,125 Paseo De La Plaza,"711 N Alameda St, Los Angeles, CA 90012",125 Paseo De La Plaza
131607,ABH El Pueblo Los Angeles 000,Cesar Chavez/ Spring,"711 N Alameda St, Los Angeles, CA 90012",Cesar Chavez/ Spring
127076,ABH El Pueblo Los Angeles 000,NA,"711 N Alameda St, Los Angeles, CA 90012",NA
123466,ABH El Pueblo Los Angeles 000,Cesar Chavez and Spring,"711 N Alameda St, Los Angeles, CA 90012",Cesar Chavez and Spring
122173,ABH El Pueblo Los Angeles 000,Cesar Chavez/ Spring,"711 N Alameda St, Los Angeles, CA 90012",Cesar Chavez/ Spring
127917,ABH El Pueblo Los Angeles 000,Cesar Chavez/ Spring,"711 N Alameda St, Los Angeles, CA 90012",Cesar Chavez/ Spring
126700,ABH El Pueblo Los Angeles 000,NA,"711 N Alameda St, Los Angeles, CA 90012",NA
124817,ABH El Pueblo Los Angeles 000,Cesar Chavez/ Spring,"711 N Alameda St, Los Angeles, CA 90012",Cesar Chavez/ Spring
122825,ABH El Pueblo Los Angeles 000,Cesar Chavez/ Spring,"711 N Alameda St, Los Angeles, CA 90012",Cesar Chavez/ Spring
100661,ABH EL Pueblo Los Angeles 90012,NA,"711 N Alameda St, Los Angeles, CA 90012",NA
103375,ABH El Pueblo Los Angeles 90012,--,"711 N Alameda St, Los Angeles, CA 90012",
104156,ABH El Pueblo Los Angeles 90012,Cesar E Chavez and Spring,"711 N Alameda St, Los Angeles, CA 90012",Cesar E Chavez and Spring
121484,ABH El Pueblo Los Angeles 90012,Cesar E Chavez and Spring,"711 N Alameda St, Los Angeles, CA 90012",Cesar E Chavez and Spring
127532,ABH El Pueblo Los Angeles 90012,NA,"711 N Alameda St, Los Angeles, CA 90012",NA
125193,ABH El Pueblo Los Angeles 90012,Cesar Chavez/ Spring,"711 N Alameda St, Los Angeles, CA 90012",Cesar Chavez/ Spring
132525,ABH EL PUEBLO Los Angeles 90012,Spring/Cesar Chavez/Arcadia,"711 N Alameda St, Los Angeles, CA 90012",Spring/Cesar Chavez/Arcadia
102393,ABH El Pueblo Los Angeles 90014,NA,"711 N Alameda St, Los Angeles, CA 90012",NA
121793,ABH El Pueblo Los Angeles 90038,NA,"711 N Alameda St, Los Angeles, CA 90012",NA
84902,EL PUEBLO ABH Los Angeles 90012,NA,"711 N Alameda St, Los Angeles, CA 90012",NA
86085,EL PUEBLO ABH Los Angeles 90012,NA,"711 N Alameda St, Los Angeles, CA 90012",NA
84055,El Pueblo ABH Los Angeles NA,NA,"711 N Alameda St, Los Angeles, CA 90012",NA
84544,El Pueblo ABH Los Angeles NA,NA,"711 N Alameda St, Los Angeles, CA 90012",NA
84669,EL PUEBLO ABH Los Angeles NA,Spring St,"711 N Alameda St, Los Angeles, CA 90012",Spring St
100850,El Pueblo ABH Zone Los Angeles 90012,NA,"711 N Alameda St, Los Angeles, CA 90012",NA
101580,El Pueblo ABH Zone Los Angeles 90012,NA,"711 N Alameda St, Los Angeles, CA 90012",NA
100774,El Pueblo ABH Zone Los Angeles 90012,NA,"711 N Alameda St, Los Angeles, CA 90012",NA
101479,El Pueblo ABH Zone Los Angeles 90012,NA,"711 N Alameda St, Los Angeles, CA 90012",NA
102159,El Pueblo ABH Zone Los Angeles 90012,NA,"711 N Alameda St, Los Angeles, CA 90012",NA
84514,El Pueblo ABH zone Los Angeles 90012,Spring and Main Streets,"711 N Alameda St, Los Angeles, CA 90012",Spring and Main Streets
79170,711 N Alamedas ST Los Angeles 90012,El Pueblo ABH zone and bridges,711 N Alamedas ST Los Angeles 90012,El Pueblo ABH zone and bridges
91494,7200 Ethel AVE Los Angeles 91605,ABH Raymer,7200 Ethel AVE Los Angeles 91605,ABH Raymer
92107,Ethel  AVE Los Angeles 0,Raymer ABH ZONE,7200 Ethel AVE Los Angeles 91605,Raymer ABH ZONE
88429,Ethel  AVE Los Angeles 0,ABH zone Raymer,7200 Ethel AVE Los Angeles 91605,ABH zone Raymer
99183,Ethel  Los Angeles 0,ABH Raymer,7200 Ethel AVE Los Angeles 91605,ABH Raymer
89125,Ethel  Los Angeles 00,Sherman Way ABH,7200 Ethel AVE Los Angeles 91605,Sherman Way ABH
95126,7223 Ethel AVE Los Angeles 91605,ABH Raymer,7223 Ethel AVE Los Angeles 91605,ABH Raymer
91869,7223 Ethel AVE Los Angeles 91605,ABH Raymer,7223 Ethel AVE Los Angeles 91605,ABH Raymer
94308,7223 Ethel AVE Los Angeles 91605,ABH Raymer,7223 Ethel AVE Los Angeles 91605,ABH Raymer
92103,7250 Van Nuys  BLVD Los Angeles 0,ABH Full Clean up Tyrone,7250 Van Nuys  BLVD Los Angeles 0,ABH Full Clean up Tyrone
97054,7250 Van Nuys  BLVD Los Angeles 0,ABH,7250 Van Nuys  BLVD Los Angeles 0,ABH
94147,7250 Van Nuys  BLVD Los Angeles 91405,ABH Tyrone,7250 Van Nuys  BLVD Los Angeles 91405,ABH Tyrone
88017,7333 Radford AVE Los Angeles 91605,"ABH, Soft Enforcement",7333 Radford AVE Los Angeles 91605,"ABH, Soft Enforcement"
130436,7433 Whitset  Los Angeles 91605,ABH,7433 Whitset  Los Angeles 91605,ABH
100851,7600 Tyrone  AVE Los Angeles 91304,ABH Van NUys,7600 Tyrone  AVE Los Angeles 91304,ABH Van NUys
103062,7600 Tyrone  AVE Los Angeles 91401,Van Nuys ABH,7600 Tyrone  AVE Los Angeles 91401,Van Nuys ABH
100561,7600 Tyrone  AVE Los Angeles 91401,Van Nuys ABH,7600 Tyrone  AVE Los Angeles 91401,Van Nuys ABH
100718,7600 Tyrone  AVE Los Angeles 91401,ABH Van Nuys,7600 Tyrone  AVE Los Angeles 91401,ABH Van Nuys
101121,7600 Tyrone  AVE Los Angeles 91405,ABH Van Nuys,7600 Tyrone  AVE Los Angeles 91405,ABH Van Nuys
103435,7600 Tyrone  AVE Los Angeles 91405,ABH,7600 Tyrone  AVE Los Angeles 91405,ABH
102460,7600 Tyrone  AVE Los Angeles 91405,ABH,7600 Tyrone  AVE Los Angeles 91405,ABH
99586,7600 Tyrone  AVE Los Angeles 91405,Van Nuys ABH,7600 Tyrone  AVE Los Angeles 91405,Van Nuys ABH
111850,Los Angeles 91406,ABH Tyrone,7600 Tyrone  AVE Los Angeles 91405,ABH Tyrone
100999,7600 Tyrone  Los Angeles 91601,ABH Van Nuys,7600 Tyrone  AVE Los Angeles 91405,ABH Van Nuys
95923,Tyrone  Los Angeles 0,ABH zone,7600 Tyrone  AVE Los Angeles 91405,ABH zone
99920,7600 Tyrone  AVE Los Angeles 91605,Van Nuys ABH,7600 Tyrone  AVE Los Angeles 91605,Van Nuys ABH
100407,7600 Tyrone  Los Angeles 91405,ABH Van Nuyvs,7600 Tyrone  Los Angeles 91405,ABH Van Nuyvs
115397,7600 Tyrone AVE Los Angeles 91405,ABH Van Nuys,7600 Tyrone AVE Los Angeles 91405,ABH Van Nuys
120773,7600 Tyrone AVE Los Angeles 91405,ABH Van Nuys,7600 Tyrone AVE Los Angeles 91405,ABH Van Nuys
126768,7600 Tyrone AVE Los Angeles 91405,ABH Van Nuys,7600 Tyrone AVE Los Angeles 91405,ABH Van Nuys
100511,7621 Canoga  AVE Los Angeles 91304,ABH,7621 Canoga  AVE Los Angeles 91304,ABH
100852,7621 Canoga  AVE Los Angeles 91304,ABH Willows,7621 Canoga  AVE Los Angeles 91304,ABH Willows
101249,7621 Canoga  AVE Los Angeles 91304,ABH Willows,7621 Canoga  AVE Los Angeles 91304,ABH Willows
99792,7621 Canoga  BLVD Los Angeles 91304,ABH Willows,7621 Canoga  BLVD Los Angeles 91304,ABH Willows
100406,7621 Canoga  ST Los Angeles 91304,ABH Willows,7621 Canoga  ST Los Angeles 91304,ABH Willows
103061,7621 Canoga AVE Los Angeles 91304,Canoga Park Willows ABH,7621 Canoga AVE Los Angeles 91304,Canoga Park Willows ABH
102016,7621 Canoga AVE Los Angeles 91304,ABH Willows,7621 Canoga AVE Los Angeles 91304,ABH Willows
123966,7621 Canoga AVE Los Angeles xxx,ABH Willows,7621 Canoga AVE Los Angeles xxx,ABH Willows
100783,ABH Willows Los Angeles 00000,NA,"7621 Canoga Ave, Canoga Park, CA 91304",NA
101933,ABH Willows Los Angeles 91303,NA,"7621 Canoga Ave, Canoga Park, CA 91304",NA
100286,ABH Willows Los Angeles 91303,Spot Clean,"7621 Canoga Ave, Canoga Park, CA 91304",Spot Clean
107586,ABH Willows Los Angeles 91303,Full Zone,"7621 Canoga Ave, Canoga Park, CA 91304",Full Zone
115283,ABH Willows Los Angeles 91303,Full Zone,"7621 Canoga Ave, Canoga Park, CA 91304",Full Zone
120619,ABH WILLOWS Los Angeles 91304,NA,"7621 Canoga Ave, Canoga Park, CA 91304",NA
103873,ABH Willows Los Angeles 91304,NA,"7621 Canoga Ave, Canoga Park, CA 91304",NA
102789,ABH Willows Los Angeles 91406,NA,"7621 Canoga Ave, Canoga Park, CA 91304",NA
106593,Willows ABH Los Angeles 91303,Spot clean per CD,"7621 Canoga Ave, Canoga Park, CA 91304",Spot clean per CD
113340,Willows ABH Los Angeles 91342,Willows,"7621 Canoga Ave, Canoga Park, CA 91304",Willows
114313,ABH Tyrone Los Angeles 91405,Entire zone,"7702 Van Nuys Blvd Van Nuys, CA 91405",Entire zone
107370,ABH Tyrone Los Angeles 91405,NA,"7702 Van Nuys Blvd Van Nuys, CA 91405",NA
98819,ABH Tyrone Los Angeles 91405,Van Nys Blvd Locs.,"7702 Van Nuys Blvd Van Nuys, CA 91405",Van Nys Blvd Locs.
107004,ABH Tyrone Los Angeles 91405,Full Zone,"7702 Van Nuys Blvd Van Nuys, CA 91405",Full Zone
105753,ABH Tyrone Los Angeles 91405,All Zones...,"7702 Van Nuys Blvd Van Nuys, CA 91405",All Zones...
103164,ABH Tyrone Los Angeles 91406,NA,"7702 Van Nuys Blvd Van Nuys, CA 91405",NA
101268,ABH Tyrone Los Angeles 91406,NA,"7702 Van Nuys Blvd Van Nuys, CA 91405",NA
105351,ABH Tyrone Los Angeles 91406,Entire zone,"7702 Van Nuys Blvd Van Nuys, CA 91405",Entire zone
104003,ABH Tyrone Los Angeles 91406,and ID's,"7702 Van Nuys Blvd Van Nuys, CA 91405",and ID's
99212,ABH Van Nuys Los Angeles 91402,All Loc's,"7702 Van Nuys Blvd Van Nuys, CA 91405",All Loc's
99641,ABH Van Nuys Los Angeles 91405,All zones,"7702 Van Nuys Blvd Van Nuys, CA 91405",All zones
99352,ABH Van Nuys Los Angeles 91405,All Locations,"7702 Van Nuys Blvd Van Nuys, CA 91405",All Locations
118399,ABH Van Nuys Los Angeles 91405,Full Zone,"7702 Van Nuys Blvd Van Nuys, CA 91405",Full Zone
113480,ABH Van Nuys Los Angeles 91406,All of the zone,"7702 Van Nuys Blvd Van Nuys, CA 91405",All of the zone
119036,ABH Van Nuys Los Angeles 91406,All zones,"7702 Van Nuys Blvd Van Nuys, CA 91405",All zones
101667,ABH Van Nuys Los Angeles 91406,NA,"7702 Van Nuys Blvd Van Nuys, CA 91405",NA
124267,7815 Van Nuys  BLVD Los Angeles 91602,ABH Van Nuys Blvd,7815 Van Nuys  BLVD Los Angeles 91602,ABH Van Nuys Blvd
89847,7832 N Van Nuys BLVD Los Angeles 91402,ABH Tyrone,7832 N Van Nuys BLVD Los Angeles 91402,ABH Tyrone
111975,ABH Wilmington Los Angeles 90731,NA,"828 Eubank Ave, Wilmington, CA 90744",NA
124678,ABH Wilmington Los Angeles 90744,NA,"828 Eubank Ave, Wilmington, CA 90744",NA
133529,ABH Wilmington Los Angeles 90744,NA,"828 Eubank Ave, Wilmington, CA 90744",NA
125530,ABH Wilmington Los Angeles 90744,NA,"828 Eubank Ave, Wilmington, CA 90744",NA
114255,ABH Wilmington Los Angeles 90744,NA,"828 Eubank Ave, Wilmington, CA 90744",NA
115263,ABH Wilmington Los Angeles 90744,NA,"828 Eubank Ave, Wilmington, CA 90744",NA
115728,ABH Wilmington Los Angeles 90744,NA,"828 Eubank Ave, Wilmington, CA 90744",NA
120480,ABH Wilmington Los Angeles 90744,NA,"828 Eubank Ave, Wilmington, CA 90744",NA
112896,ABH Wilmington Los Angeles 90744,NA,"828 Eubank Ave, Wilmington, CA 90744",NA
125367,ABH Wilmington Los Angeles 90744,NA,"828 Eubank Ave, Wilmington, CA 90744",NA
115555,ABH Wilmington Los Angeles 90744,NA,"828 Eubank Ave, Wilmington, CA 90744",NA
124461,ABH Wilmington Los Angeles 90744,NA,"828 Eubank Ave, Wilmington, CA 90744",NA
116078,ABH Wilmington Los Angeles 90744,NA,"828 Eubank Ave, Wilmington, CA 90744",NA
110985,ABH Wilmington Los Angeles 90744,NA,"828 Eubank Ave, Wilmington, CA 90744",NA
112711,ABH Wilmington Los Angeles 90744,NA,"828 Eubank Ave, Wilmington, CA 90744",NA
71138,Imperial ABH Los Angeles 90059,Wilmington / Imperial Hwy,"828 Eubank Ave, Wilmington, CA 90744",Wilmington / Imperial Hwy
110121,Wilmingto ABH Zone Los Angeles 90744,NA,"828 Eubank Ave, Wilmington, CA 90744",NA
124757,Wilmington ABH Zone Los Angeles 90744,NA,"828 Eubank Ave, Wilmington, CA 90744",NA
117943,Wilmington ABH Zone Los Angeles 90744,NA,"828 Eubank Ave, Wilmington, CA 90744",NA
125196,Wilmington ABH Zone Los Angeles 90744,NA,"828 Eubank Ave, Wilmington, CA 90744",NA
126254,Wilmington ABH Zone Los Angeles 90744,NA,"828 Eubank Ave, Wilmington, CA 90744",NA
112627,Wilmington ABH Zone Los Angeles 90744,NA,"828 Eubank Ave, Wilmington, CA 90744",NA
124000,Wilmington ABH Zone Los Angeles 90744,NA,"828 Eubank Ave, Wilmington, CA 90744",NA
111881,Wilmington ABH Zone Los Angeles 90744,NA,"828 Eubank Ave, Wilmington, CA 90744",NA
117118,Wilmington ABH Zone Los Angeles 90744,NA,"828 Eubank Ave, Wilmington, CA 90744",NA
111573,Wilmington ABH Zone Los Angeles 90744,NA,"828 Eubank Ave, Wilmington, CA 90744",NA
113074,Wilmington ABH Zone Los Angeles 90744,NA,"828 Eubank Ave, Wilmington, CA 90744",NA
125845,Wilmington ABH Zone Los Angeles 90744,NA,"828 Eubank Ave, Wilmington, CA 90744",NA
113349,Wilmington ABH Zone Los Angeles 90744,NA,"828 Eubank Ave, Wilmington, CA 90744",NA
113851,Wilmington ABH Zone Los Angeles 90744,NA,"828 Eubank Ave, Wilmington, CA 90744",NA
117651,Wilmington ABH Zone Los Angeles 90744,NA,"828 Eubank Ave, Wilmington, CA 90744",NA
114758,Wilmington ABH Zone Los Angeles 90744,NA,"828 Eubank Ave, Wilmington, CA 90744",NA
115306,Wilmington ABH Zone Los Angeles 90744,NA,"828 Eubank Ave, Wilmington, CA 90744",NA
109798,Wilmington ABH Zone Los Angeles 90744,NA,"828 Eubank Ave, Wilmington, CA 90744",NA
122373,Wilmington ABH Zone Los Angeles 90744,NA,"828 Eubank Ave, Wilmington, CA 90744",NA
113610,Wilmington ABH Zone Los Angeles 90744,NA,"828 Eubank Ave, Wilmington, CA 90744",NA
109403,Wilmington ABH Zone Los Angeles 90744,NA,"828 Eubank Ave, Wilmington, CA 90744",NA
126594,Wilmington ABH Zone Los Angeles 90744,NA,"828 Eubank Ave, Wilmington, CA 90744",NA
114423,Wilmington ABH Zone Los Angeles 90744,NA,"828 Eubank Ave, Wilmington, CA 90744",NA
130346,Wilmington ABH Zone Los Angeles 90744,NA,"828 Eubank Ave, Wilmington, CA 90744",NA
110587,Wilmington ABH Zone Los Angeles 90744,NA,"828 Eubank Ave, Wilmington, CA 90744",NA
128935,Wilmington ABH Zone Los Angeles 90744,NA,"828 Eubank Ave, Wilmington, CA 90744",NA
120673,Wilmington ABH Zone Los Angeles 90744,NA,"828 Eubank Ave, Wilmington, CA 90744",NA
126997,Wilmington ABH Zone Los Angeles 90744,NA,"828 Eubank Ave, Wilmington, CA 90744",NA
119065,E E ST Los Angeles 90744,Broad Ave. Eubank ABH,"828 Eubank Ave, Wilmington, CA 90744",Broad Ave. Eubank ABH
119767,Imperial  AVE Los Angeles 90059,Wilmington Ave.(Imperial ABH),"828 Eubank Ave, Wilmington, CA 90744",Wilmington Ave.(Imperial ABH)
114323,Imperial  HWY Los Angeles 90059,Wilmington Ave. (Imperial ABH),"828 Eubank Ave, Wilmington, CA 90744",Wilmington Ave. (Imperial ABH)
133124,Imperial  HWY Los Angeles 90059,"Wlimington Ave., (Imperial ABH","828 Eubank Ave, Wilmington, CA 90744","Wlimington Ave., (Imperial ABH"
119063,Imperial  HWY Los Angeles 90059,"Wilmington Ave., Imperial ABH","828 Eubank Ave, Wilmington, CA 90744","Wilmington Ave., Imperial ABH"
114946,Imperial AVE Los Angeles 90059,Wilmington Ave. (Imperial ABH),"828 Eubank Ave, Wilmington, CA 90744",Wilmington Ave. (Imperial ABH)
121875,Imperial Hwy Los Angeles 90059,"Wilmington Ave., (Imperial ABH","828 Eubank Ave, Wilmington, CA 90744","Wilmington Ave., (Imperial ABH"
102166,Wilmington  AVE Los Angeles 90059,Imperial Hwy (Imperial ABH Zone),"828 Eubank Ave, Wilmington, CA 90744",Imperial Hwy (Imperial ABH Zone)
122180,Los Angeles 90059,ABH Imperial,"828 Eubank Ave, Wilmington, CA 90744",ABH Imperial
121819,Los Angeles 90059,ABH Imperial,"828 Eubank Ave, Wilmington, CA 90744",ABH Imperial
131341,Los Angeles 90059,ABH Imperial,"828 Eubank Ave, Wilmington, CA 90744",ABH Imperial
119934,Los Angeles 90059,ABH Imperial,"828 Eubank Ave, Wilmington, CA 90744",ABH Imperial
119546,Los Angeles 90059,ABH Imperial,"828 Eubank Ave, Wilmington, CA 90744",ABH Imperial
129985,Los Angeles 90059,ABH Imperial,"828 Eubank Ave, Wilmington, CA 90744",ABH Imperial
133590,Los Angeles 90059,ABH Imperial,"828 Eubank Ave, Wilmington, CA 90744",ABH Imperial
129020,Los Angeles 90059,ABH Imperial,"828 Eubank Ave, Wilmington, CA 90744",ABH Imperial
119406,Los Angeles 90744,ABH Wilmington,"828 Eubank Ave, Wilmington, CA 90744",ABH Wilmington
122175,Los Angeles 90744,ABH Wilmington,"828 Eubank Ave, Wilmington, CA 90744",ABH Wilmington
130743,Los Angeles 90744,ABH Wilmington,"828 Eubank Ave, Wilmington, CA 90744",ABH Wilmington
122013,Los Angeles 90744,ABH Wilmington,"828 Eubank Ave, Wilmington, CA 90744",ABH Wilmington
121792,Los Angeles 90744,ABH Wilmington,"828 Eubank Ave, Wilmington, CA 90744",ABH Wilmington
103707,839 S Beacon ST Los Angeles 90731,Beacon ABH Zone,839 S Beacon ST Los Angeles 90731,Beacon ABH Zone
122542,S Beacon  ST Los Angeles 90731,"W. 8th St., (Beacon ABH)",839 S Beacon ST Los Angeles 90731,"W. 8th St., (Beacon ABH)"
114320,S Beacon  ST Los Angeles 90731,W 8th St.(Beacon_ABH),839 S Beacon ST Los Angeles 90731,W 8th St.(Beacon_ABH)
132030,S Beacon  ST Los Angeles 90731,"W. 8th St., Beacon ABH",839 S Beacon ST Los Angeles 90731,"W. 8th St., Beacon ABH"
117281,S Beacon  ST Los Angeles 90731,W. 8th St. (Beacon ABH),839 S Beacon ST Los Angeles 90731,W. 8th St. (Beacon ABH)
114196,S Beacon ST Los Angeles 90731,W. 8th St (Beacon ABH),839 S Beacon ST Los Angeles 90731,W. 8th St (Beacon ABH)
119534,Los Angeles 90731,ABH Beacon,839 S Beacon ST Los Angeles 90731,ABH Beacon
119368,Los Angeles 90731,ABH Beacon,839 S Beacon ST Los Angeles 90731,ABH Beacon
119989,Los Angeles 90731,ABH Beacon,839 S Beacon ST Los Angeles 90731,ABH Beacon
130530,Los Angeles 90731,ABH Beacon,839 S Beacon ST Los Angeles 90731,ABH Beacon
133648,W 8th ST Los Angeles 90731,"S. Beacon St., Beacon ABH",839 S Beacon ST Los Angeles 90731,"S. Beacon St., Beacon ABH"
93066,839 S Beacon ST San Pedro 90731,San Pedro (Beacon) ABH Zone,839 S Beacon ST San Pedro 90731,San Pedro (Beacon) ABH Zone
115726,ABH CARE+ 9 Los Angeles 0,NA,NA,NA
109394,ABH Los Angeles *,ABH,NA,ABH
103425,ABH Zone Los Angeles --,Alleys,NA,Alleys
78808,ABH Zone Los Angeles 000,NA,NA,NA
103939,ABH Zone Los Angeles 0000,Alleys,NA,Alleys
102779,ABH Zone Los Angeles 0000,Alleys,NA,Alleys
104216,ABH Zone Los Angeles 0000,Alleys,NA,Alleys
103619,ABH Zone Los Angeles 0000,Alleys,NA,Alleys
104898,ABH Zone Los Angeles 0000,alleys,NA,alleys
104424,ABH Zone Los Angeles 0000,Alleys,NA,Alleys
103087,ABH Zone Los Angeles 0000,Alleys,NA,Alleys
106644,ABH Zone Los Angeles 0000,Alleys,NA,Alleys
106022,ABH Zone Los Angeles 00000,NA,NA,NA
124675,Whitsett Los Angeles 0,ABH,"Saticoy St & Whitsett Ave Los Angeles, CA 91605",ABH
133515,Whitsett Los Angeles 0,ABH,"Saticoy St & Whitsett Ave Los Angeles, CA 91605",ABH
124541,ABH Chandler Los Angeles 91601,Tujunga and Chandler,Tujunga and Chandler Los Angeles 91601,Tujunga and Chandler
122179,ABH Chandler Los Angeles 91601,NA,Tujunga and Chandler Los Angeles 91601,NA
101014,Ventura BLVD / Laurelgrove Los Angeles 91604,ABH LA RIVER,Ventura BLVD and  Laurelgrove Los Angeles 91604,ABH LA RIVER